year,trades,diverge,share,div_hit,div_R,div_net,conf_hit,conf_R,conf_net
2019,56,9,0.161,0.333,0.07,-84,0.447,-0.053,-325
2020,99,21,0.212,0.619,0.213,108,0.436,-0.089,-1445
2021,127,37,0.291,0.595,0.201,1340,0.556,0.13,1168
2022,137,22,0.161,0.545,0.722,3458,0.478,0.103,1263
2023,128,28,0.219,0.429,0.19,1180,0.49,0.042,1360
2024,130,29,0.223,0.517,0.57,2818,0.465,0.129,470
2025,117,20,0.171,0.6,0.407,2272,0.495,0.096,3230
2026,85,6,0.071,0.5,0.243,-26,0.519,0.139,4114
all,879,172,0.196,0.535,0.348,11066,0.488,0.073,9834
