market,year,sessions,bars,cost_usd,cost_pts,median_hl,abs_h1,abs_h2,abs_h3,abs_h5,abs_h10,abs_h15,abs_h30,x_cost_h1,x_cost_h2,x_cost_h3,x_cost_h5,x_cost_h10,x_cost_h15,x_cost_h30,hit_h1,hit_h2,hit_h3,hit_h5,hit_h10,hit_h15,hit_h30,usd_year_10,usd_year_50,usd_year_100,usd_year_200
MNQ,2019,151,57756,3.0,1.5,2.75,1.8165980581175203,2.5790085508785983,3.16042117762101,4.088383217765294,5.749693115104074,6.972717601024217,9.802987291322003,1.2110653720783469,1.7193390339190655,2.10694745174734,2.7255888118435294,3.833128743402716,4.648478400682811,6.535324860881335,0.9128596288257623,0.7908094274229899,0.7373101424932731,0.6834465998052769,0.6304417444523776,0.6075620787926121,0.5765072908606064,4530.0,22650.0,45300.0,90600.0
MNQ,2020,259,99466,3.0,1.5,7.5,4.780974677929881,6.913874570446735,8.470571246161798,10.888035372264559,15.219407246032647,18.364629552113854,25.621402004733703,3.187316451953254,4.609249713631157,5.647047497441199,7.258690248176372,10.146271497355098,12.243086368075902,17.08093466982247,0.65687177835561,0.6084775247740052,0.5885418442516308,0.5688829503539728,0.549279185968002,0.5408393753803583,0.5292724028084581,7770.0,38850.0,77700.0,155400.0
MNQ,2021,258,99305,3.0,1.5,7.25,4.3710384968752205,6.237630201743109,7.64513706346226,9.883316329133295,13.915270095631946,16.89789647403992,23.59194288210561,2.9140256645834803,4.1584201344954055,5.096758042308173,6.58887755275553,9.276846730421298,11.265264316026615,15.72796192140374,0.6715839383561051,0.6202379711112743,0.5981015766982661,0.5758854593967823,0.5538976243253394,0.5443842226842979,0.5317905144034946,7740.0,38700.0,77400.0,154800.0
MNQ,2022,258,99115,3.0,1.5,12.0,6.943706566049951,9.895024290307203,12.127111276070002,15.694973166368515,22.07015849173875,26.962255236495356,38.30861012311902,4.629137710699967,6.596682860204802,8.084740850713334,10.463315444245676,14.713438994492499,17.974836824330236,25.539073415412677,0.6080114767042425,0.5757956704294978,0.5618449013063769,0.547786000781901,0.5339825380176014,0.5278166642004346,0.519577844186714,7740.0,38700.0,77400.0,154800.0
MNQ,2023,257,98550,3.0,1.5,8.0,4.660265736115491,6.52089538536864,7.958799946818846,10.263342415051662,14.447476036674308,17.71805533555098,24.975866908850726,3.106843824076994,4.347263590245761,5.305866631212564,6.842228276701108,9.631650691116205,11.812036890367319,16.650577939233816,0.6609350287018512,0.6150148799630836,0.5942353124857445,0.5730756092576713,0.5519121816223233,0.5423297018660472,0.5300289876918836,7710.0,38550.0,77100.0,154200.0
MNQ,2024,259,99155,3.0,1.5,9.75,5.5902968775279085,7.920133925403246,9.64441745105613,12.4413830983037,17.517848081603066,21.385136979111998,30.403326585325818,3.7268645850186055,5.280089283602164,6.42961163403742,8.294255398869133,11.678565387735377,14.256757986074666,20.268884390217213,0.634161032308477,0.5946953684197726,0.5777651946119223,0.5602826867458376,0.542813477803112,0.5350710870233174,0.524668353244016,7770.0,38850.0,77700.0,155400.0
MNQ,2025,257,98375,3.0,1.5,12.0,7.4394606494221245,10.464922185548891,12.795379800008197,16.498980327531157,23.17206826366056,28.335418429961912,39.663442342690125,4.959640432948083,6.976614790365928,8.530253200005465,10.999320218354105,15.44804550910704,18.89027895330794,26.44229489512675,0.6008137599408174,0.5716679958725046,0.5586149072339002,0.5454573546432143,0.5323665540540541,0.5264686403644898,0.5189091000604547,7710.0,38550.0,77100.0,154200.0
MNQ,2026,198,76080,3.0,1.5,14.75,8.93734680161303,12.687034247661328,15.550598786529953,20.053569050472767,27.985371120107963,34.04440569005608,47.31428214998574,5.958231201075353,8.458022831774219,10.367065857686635,13.36904603364851,18.656914080071974,22.696270460037386,31.54285476665716,0.5839175223529022,0.5591154705945759,0.5482296540664181,0.537399826340754,0.5267997160652664,0.5220300511875015,0.5158514504694905,5940.0,29700.0,59400.0,118800.0
MNQ,all,1897,727802,3.0,1.5,9.0,5.672243093785647,8.051210552414682,9.85016397393036,12.71002803975129,17.84171871671184,21.74299756038965,30.54812736176017,3.781495395857098,5.367473701609788,6.56677598262024,8.47335202650086,11.894479144474559,14.495331706926434,20.365418241173447,0.6322228239515474,0.593153693487132,0.5761408644551467,0.5590085244229466,0.5420363089402085,0.5344938639631875,0.5245514231074878,7560.0,37800.0,75600.0,151200.0
MES,2019,151,57771,4.5,0.9,0.75,0.5490598631896941,0.7734485159717991,0.9427403309131528,1.2101273818296663,1.6930979604175187,2.0609927544068345,2.8759207065013155,0.6100665146552157,0.8593872399686656,1.0474892565701697,1.3445859798107402,1.8812199560194651,2.2899919493409273,3.195467451668128,1.3195827635001067,1.0818098951739505,0.9773318646123086,0.8718616789908655,0.7657849755421298,0.7183413789484732,0.6564716297576385,6795.0,33975.0,67950.0,135900.0
MES,2020,259,99455,4.5,0.9,1.75,1.2604456543657996,1.803751048837938,2.2045724074318094,2.8260745511239733,3.9434736809492827,4.759791812767561,6.615729730319427,1.400495171517555,2.004167832042153,2.4495248971464547,3.1400828345821923,4.381637423276981,5.288657569741734,7.3508108114660295,0.8570165825407364,0.7494801044134729,0.7041212157437016,0.659231468193586,0.6141125911842462,0.594541950089693,0.5680197073253584,11655.0,58275.0,116550.0,233100.0
MES,2021,258,99304,4.5,0.9,1.5,0.9201474077439548,1.2960359156569183,1.5817678044027648,2.031307071510922,2.841563020171004,3.4557595381052675,4.827143606041742,1.022386008604394,1.4400399062854647,1.7575197826697386,2.257007857234358,3.1572922446344487,3.839732820116964,5.363492895601935,0.9890520760182584,0.8472126000242128,0.7844918190567853,0.7215322372039409,0.6583635473877048,0.6302173936114569,0.5932228325332546,11610.0,58050.0,116100.0,232200.0
MES,2022,258,99115,4.5,0.9,3.0,1.6913926176193896,2.395102891510056,2.92856234937615,3.7795451060567338,5.32019215828456,6.494619140112341,9.2363146374829,1.8793251306882106,2.6612254350111733,3.2539581659735,4.19949456228526,5.911324620316178,7.216243489013713,10.262571819425444,0.76605295264524,0.6878833688502983,0.6536590129610388,0.6190619472377439,0.5845834110144431,0.5692881276471919,0.5487207309042728,11610.0,58050.0,116100.0,232200.0
MES,2023,257,98548,4.5,0.9,1.75,1.0580151390287824,1.4699562387791743,1.7851265660956277,2.297639855646148,3.2325685588063684,3.957290027563338,5.582745277202871,1.175572376698647,1.633284709754638,1.9834739623284752,2.5529331729401643,3.591742843118187,4.396988919514819,6.20305030800319,0.9253247268399987,0.8061315623747638,0.752082966298701,0.6958531485664231,0.6392081843938255,0.6137141823989795,0.5806055045781103,11565.0,57825.0,115650.0,231300.0
MES,2024,259,99155,4.5,0.9,2.0,1.131542226176994,1.5893047233796649,1.9321697940596474,2.489699570815451,3.5079946150261483,4.2877348588222945,6.144758439568857,1.25726914019666,1.7658941370885164,2.1468553267329415,2.766332856461612,3.897771794473498,4.764149843135883,6.82750937729873,0.8976873240695232,0.7831426808089217,0.7328987863196603,0.6807446991897949,0.6282784181231263,0.6049505192873799,0.5732331473117394,11655.0,58275.0,116550.0,233100.0
MES,2025,257,98375,4.5,0.9,2.5,1.6331228724596913,2.293423835848806,2.7997213228966027,3.6081985786383766,5.085068628985961,6.2190409437156156,8.773903932057575,1.814580969399657,2.5482487064986734,3.110801469885114,4.009109531820418,5.650076254428845,6.910045493017351,9.748782146730639,0.7755457091371469,0.6962131870114854,0.6607302828034428,0.624715973966659,0.5884943808692975,0.5723584237622247,0.5512884576221329,11565.0,57825.0,115650.0,231300.0
MES,2026,186,71400,4.5,0.9,2.75,1.6083003342039486,2.278203666159824,2.789309308037605,3.5959699162764296,5.03096419327006,6.135931351114998,8.60924870859921,1.7870003713377205,2.531337406844249,3.0992325644862277,3.995522129196033,5.5899602147445115,6.817701501238886,9.565831898443568,0.7797984869055778,0.6975240434752381,0.6613302614748716,0.6251400902891779,0.5894460748899717,0.5733384997728548,0.5522693692831204,8370.0,41850.0,83700.0,167400.0
MES,all,1885,723123,4.5,0.9,2.0,1.2557543223280185,1.7713722772442404,2.1616949299017874,2.782850975342151,3.9072342561614968,4.763294664574907,6.715751626338278,1.395282580364465,1.968191419160267,2.4018832554464304,3.0920566392690563,4.341371395734996,5.292549627305452,7.461946251486975,0.8583503492671669,0.754040331205857,0.7081699844762299,0.6617046704934217,0.6151709804167422,0.5944724254299644,0.5670066472135689,11340.0,56700.0,113400.0,226800.0
