stype,N,prof,level,events,n_a04x3,win_a04x3,R_a04x3,net_a04x3,n_p20x3,win_p20x3,R_p20x3,net_p20x3,n_a08x3,win_a08x3,R_a08x3,net_a08x3,n_a04x2,win_a04x2,R_a04x2,net_a04x2,n_brk_a04,win_brk_a04,R_brk_a04,net_brk_a04,n_brk_p20,win_brk_p20,R_brk_p20,net_brk_p20,pl_events,pl_n_a04x3,pl_win_a04x3,pl_R_a04x3,pl_net_a04x3,pl_n_p20x3,pl_win_p20x3,pl_R_p20x3,pl_net_p20x3,pl_n_brk_a04,pl_win_brk_a04,pl_R_brk_a04,pl_net_brk_a04,dwin_a04x3,dR_a04x3,pwin_a04x3
rth,1,rth1,all,1215,1215,0.264198,-0.056983,-1548.000000,1215,0.256790,-0.026165,-1287.500000,1215,0.231276,-0.094486,-6805.500000,1215,0.359671,-0.035322,-818.000000,1215,0.255144,-0.094622,-3335.000000,1215,0.237860,-0.108601,-5344.000000,760,760,0.269737,-0.030324,-460.500000,760,0.252632,-0.036062,-1110.000000,760,0.234211,-0.178932,-3291.500000,-0.005539,-0.026659,0.786421
rth,1,rth1,vah,422,422,0.229858,-0.192446,-1689.000000,422,0.225118,-0.148938,-2545.500000,422,0.191943,-0.248003,-5183.500000,422,0.327014,-0.132020,-922.000000,422,0.274882,-0.016385,-668.000000,422,0.258294,-0.007606,-130.000000,280,280,0.275000,-0.005348,113.500000,280,0.250000,-0.039242,-445.000000,280,0.232143,-0.188200,-1243.500000,-0.045142,-0.187098,0.174965
rth,1,rth1,poc,425,425,0.308235,0.113335,1500.000000,425,0.303529,0.153203,2637.000000,425,0.270588,0.052683,458.000000,425,0.400000,0.080887,1048.500000,425,0.230588,-0.190997,-2020.000000,425,0.218824,-0.194394,-3346.000000,230,230,0.269565,-0.028383,-302.500000,230,0.247826,-0.050832,-473.500000,230,0.208696,-0.279924,-1482.500000,0.038670,0.141718,0.300097
rth,1,rth1,val,368,368,0.252717,-0.098341,-1359.000000,368,0.239130,-0.092525,-1379.000000,368,0.230978,-0.088407,-2080.000000,368,0.350543,-0.058643,-944.500000,368,0.260870,-0.073037,-647.000000,368,0.236413,-0.125335,-1868.000000,250,250,0.264000,-0.060083,-271.500000,250,0.260000,-0.018914,-191.500000,250,0.260000,-0.075639,-565.500000,-0.011283,-0.038259,0.752827
rth,2,rth2,all,1012,1012,0.266798,-0.047041,-859.000000,1012,0.263834,0.007222,296.000000,1012,0.256917,0.029099,1700.500000,1012,0.360672,-0.034560,-480.500000,1012,0.239130,-0.151640,-3942.000000,1012,0.233202,-0.128458,-5265.000000,688,688,0.236919,-0.166953,-3624.000000,688,0.220930,-0.178492,-4973.500000,688,0.257267,-0.084190,-1978.000000,0.029880,0.119912,0.165171
rth,2,rth2,vah,349,349,0.232092,-0.183817,-1107.500000,349,0.240688,-0.090842,-1284.000000,349,0.232092,-0.050711,-322.500000,349,0.329513,-0.124856,-632.000000,349,0.212034,-0.250401,-2566.000000,349,0.220630,-0.166118,-2348.000000,243,243,0.255144,-0.100260,-796.000000,243,0.218107,-0.189707,-1867.000000,243,0.279835,0.005248,4.000000,-0.023052,-0.083557,0.519177
rth,2,rth2,poc,360,360,0.302778,0.098694,1117.500000,360,0.291667,0.130384,1901.000000,360,0.277778,0.101227,1754.000000,360,0.391667,0.057399,685.500000,360,0.261111,-0.065820,-33.000000,360,0.252778,-0.056036,-817.000000,228,228,0.228070,-0.198118,-1171.500000,228,0.206140,-0.226933,-2095.500000,228,0.254386,-0.096209,-877.500000,0.074708,0.296812,0.047765
rth,2,rth2,val,303,303,0.264026,-0.062649,-869.000000,303,0.257426,-0.026158,-321.000000,303,0.260726,0.035329,269.000000,303,0.359736,-0.039814,-534.000000,303,0.244224,-0.139850,-1343.000000,303,0.224422,-0.171128,-2100.000000,217,217,0.225806,-0.208891,-1656.500000,217,0.239631,-0.115037,-1011.000000,217,0.235023,-0.171716,-1104.500000,0.038220,0.146242,0.319695
rth,3,rth3,all,856,856,0.246495,-0.120907,-2649.500000,856,0.244159,-0.065320,-2264.500000,856,0.226636,-0.089021,-4216.000000,856,0.348131,-0.072810,-1128.000000,856,0.265187,-0.050265,-603.500000,856,0.253505,-0.039821,-1380.500000,618,618,0.241100,-0.145163,-2695.500000,618,0.229773,-0.125896,-3138.000000,618,0.257282,-0.086872,-2227.500000,0.005395,0.024256,0.811966
rth,3,rth3,vah,295,295,0.254237,-0.073792,-379.000000,295,0.264407,0.050052,598.000000,295,0.233898,-0.009619,-248.000000,295,0.366102,-0.021019,107.500000,295,0.254237,-0.086856,-591.000000,295,0.237288,-0.088387,-1056.000000,221,221,0.303167,0.107559,487.500000,221,0.257919,-0.007436,-53.500000,221,0.230769,-0.189501,-1656.500000,-0.048930,-0.181351,0.218142
rth,3,rth3,poc,301,301,0.252492,-0.105004,-638.000000,301,0.255814,-0.033510,-408.500000,301,0.235880,-0.054496,-1195.500000,301,0.365449,-0.020473,4.000000,301,0.262458,-0.061319,-210.000000,301,0.269103,0.014478,176.500000,183,183,0.202186,-0.301414,-1551.000000,183,0.180328,-0.324023,-2401.500000,183,0.278689,-0.001774,-41.000000,0.050306,0.196410,0.204584
rth,3,rth3,val,260,260,0.230769,-0.192775,-1632.500000,260,0.207692,-0.233048,-2454.000000,260,0.207692,-0.219082,-2772.500000,260,0.307692,-0.192162,-1239.500000,260,0.280769,0.004049,197.500000,260,0.253846,-0.047578,-501.000000,214,214,0.210280,-0.272535,-1632.000000,214,0.242991,-0.078805,-683.000000,214,0.266355,-0.053657,-530.000000,0.020489,0.079760,0.592957
rth,4,rth4,all,776,776,0.229381,-0.192137,-3128.500000,776,0.239691,-0.082442,-2591.000000,776,0.239691,-0.041582,-1341.000000,776,0.318299,-0.159296,-2754.000000,776,0.250000,-0.110564,-2446.500000,776,0.255155,-0.030244,-950.500000,522,522,0.247126,-0.129284,-898.500000,522,0.239464,-0.092309,-1951.500000,522,0.254789,-0.098983,-1843.500000,-0.017745,-0.062853,0.460703
rth,4,rth4,vah,282,282,0.234043,-0.167053,-875.500000,282,0.209220,-0.185360,-2117.000000,282,0.212766,-0.127797,-1226.500000,282,0.322695,-0.146049,-1014.000000,282,0.251773,-0.099573,-989.500000,282,0.280142,0.074906,855.500000,196,196,0.224490,-0.219094,-596.000000,196,0.219388,-0.167297,-1328.000000,196,0.270408,-0.036004,-313.500000,0.009553,0.052041,0.807194
rth,4,rth4,poc,281,281,0.234875,-0.174059,-859.500000,281,0.259786,-0.015026,-171.000000,281,0.249110,-0.006261,-61.000000,281,0.338078,-0.100815,-320.000000,281,0.259786,-0.072493,-663.500000,281,0.238434,-0.106278,-1209.500000,160,160,0.225000,-0.215069,-999.000000,160,0.218750,-0.186497,-1208.500000,160,0.250000,-0.117549,-633.000000,0.009875,0.041010,0.813062
rth,4,rth4,val,213,213,0.215962,-0.249195,-1393.500000,213,0.253521,-0.035124,-303.000000,213,0.262911,0.025964,-53.500000,213,0.286385,-0.253984,-1420.000000,213,0.234742,-0.175341,-793.500000,213,0.244131,-0.069147,-596.500000,166,166,0.295181,0.059441,696.500000,166,0.283133,0.087015,585.000000,166,0.240964,-0.155450,-897.000000,-0.079218,-0.308636,0.077480
rth,5,rth5,all,703,703,0.257468,-0.084516,-211.000000,703,0.261735,-0.016771,-477.500000,703,0.246088,-0.017636,854.000000,703,0.365576,-0.021082,585.000000,703,0.271693,-0.028367,-835.500000,703,0.254623,-0.038301,-1090.500000,482,482,0.246888,-0.127714,-1924.500000,482,0.240664,-0.094129,-1837.500000,482,0.269710,-0.036305,-844.500000,0.010580,0.043197,0.680744
rth,5,rth5,vah,255,255,0.258824,-0.075332,455.000000,255,0.247059,-0.080465,-831.000000,255,0.219608,-0.106268,82.500000,255,0.352941,-0.058164,160.500000,255,0.258824,-0.073481,-877.500000,255,0.266667,0.020044,207.000000,182,182,0.258242,-0.083570,-805.000000,182,0.252747,-0.040361,-297.500000,182,0.285714,0.027367,204.000000,0.000582,0.008238,0.989075
rth,5,rth5,poc,253,253,0.276680,-0.011857,224.500000,253,0.292490,0.112087,1148.500000,253,0.280632,0.118877,1263.000000,253,0.399209,0.077446,873.500000,253,0.260870,-0.074736,-705.500000,253,0.213439,-0.213634,-2189.000000,141,141,0.255319,-0.093710,-95.500000,141,0.255319,-0.025042,-143.000000,141,0.234043,-0.174474,-974.500000,0.021361,0.081853,0.646711
rth,5,rth5,val,195,195,0.230769,-0.190798,-890.500000,195,0.241026,-0.100665,-795.000000,195,0.235897,-0.078849,-491.500000,195,0.338462,-0.100426,-449.000000,195,0.302564,0.090791,747.500000,195,0.292308,0.112884,891.500000,159,159,0.226415,-0.208398,-1024.000000,159,0.213836,-0.216942,-1397.000000,159,0.283019,0.013339,-74.000000,0.004354,0.017599,0.922722
eth,1,eth1,all,1178,1178,0.247878,-0.119338,-3280.000000,1178,0.249576,-0.049907,-2381.000000,1178,0.238540,-0.055554,-4398.500000,1178,0.339559,-0.096352,-2717.500000,1178,0.252122,-0.106147,-3839.000000,1178,0.247029,-0.071485,-3410.500000,763,763,0.276540,-0.003313,251.000000,763,0.260813,-0.002020,-0.500000,763,0.230668,-0.192597,-3975.000000,-0.028662,-0.116025,0.159235
eth,1,eth1,vah,404,404,0.254950,-0.088170,-477.500000,404,0.240099,-0.074349,-1216.500000,404,0.225248,-0.094676,-1668.000000,404,0.331683,-0.121172,-937.000000,404,0.272277,-0.030019,-450.500000,404,0.254950,-0.022858,-374.000000,279,279,0.254480,-0.080368,-396.500000,279,0.225806,-0.119202,-1285.000000,279,0.250896,-0.120090,-846.500000,0.000470,-0.007801,0.988939
eth,1,eth1,poc,414,414,0.263285,-0.057417,-639.500000,414,0.275362,0.048756,817.500000,414,0.260870,0.010433,-758.000000,414,0.352657,-0.054152,-485.500000,414,0.217391,-0.238747,-2845.500000,414,0.224638,-0.168128,-2819.000000,225,225,0.284444,0.019388,203.000000,225,0.280000,0.056406,514.000000,225,0.222222,-0.223903,-1017.000000,-0.021159,-0.076804,0.565326
eth,1,eth1,val,360,360,0.222222,-0.225526,-2163.000000,360,0.230556,-0.135940,-1982.000000,360,0.227778,-0.087535,-1972.500000,360,0.333333,-0.117030,-1295.000000,360,0.269444,-0.039088,-543.000000,360,0.263889,-0.014918,-217.500000,259,259,0.293436,0.059971,444.500000,259,0.281853,0.073454,770.500000,259,0.216216,-0.243507,-2111.500000,-0.071214,-0.285497,0.044107
eth,2,eth2,all,967,967,0.254395,-0.095037,-2615.000000,967,0.251293,-0.048898,-1915.000000,967,0.248190,-0.017425,-1974.500000,967,0.347466,-0.074272,-1744.500000,967,0.256463,-0.087497,-1727.000000,967,0.252327,-0.055498,-2173.500000,637,637,0.240188,-0.152454,-2723.500000,637,0.218210,-0.183577,-4736.000000,637,0.279435,0.003244,312.000000,0.014207,0.057417,0.519565
eth,2,eth2,vah,332,332,0.228916,-0.195966,-1436.500000,332,0.228916,-0.136583,-1836.500000,332,0.216867,-0.120831,-2042.500000,332,0.307229,-0.190253,-1358.000000,332,0.250000,-0.110342,-748.500000,332,0.246988,-0.068459,-920.500000,231,231,0.251082,-0.114217,-638.000000,231,0.225108,-0.159158,-1489.000000,231,0.303030,0.100259,728.000000,-0.022167,-0.081749,0.543518
eth,2,eth2,poc,335,335,0.280597,0.009952,-161.500000,335,0.271642,0.040133,544.500000,335,0.277612,0.095632,705.500000,335,0.382090,0.027198,139.000000,335,0.247761,-0.119876,-558.000000,335,0.247761,-0.075327,-1022.000000,184,184,0.233696,-0.169871,-952.000000,184,0.195652,-0.267579,-1994.000000,184,0.271739,-0.028431,-6.500000,0.046901,0.179823,0.246211
eth,2,eth2,val,300,300,0.253333,-0.100580,-1017.000000,300,0.253333,-0.051276,-623.000000,300,0.250000,-0.029236,-637.500000,300,0.353333,-0.059229,-525.500000,300,0.273333,-0.026060,-420.500000,300,0.263333,-0.019012,-231.000000,222,222,0.234234,-0.177806,-1133.500000,222,0.229730,-0.139362,-1253.000000,222,0.261261,-0.071451,-409.500000,0.019099,0.077226,0.616051
eth,3,eth3,all,853,853,0.228605,-0.195420,-4191.500000,853,0.242673,-0.072728,-2512.500000,853,0.232122,-0.078922,-3529.500000,853,0.337632,-0.105052,-2115.500000,853,0.262603,-0.066527,-1065.500000,853,0.271981,0.031942,1103.500000,586,586,0.235495,-0.173803,-2165.500000,586,0.230375,-0.136013,-3228.000000,586,0.261092,-0.070141,-1547.000000,-0.006890,-0.021616,0.760756
eth,3,eth3,vah,296,296,0.179054,-0.387742,-3166.500000,296,0.212838,-0.175634,-2105.500000,296,0.189189,-0.215705,-3837.500000,296,0.317568,-0.166658,-1526.000000,296,0.253378,-0.106732,-578.000000,296,0.266892,0.034618,415.000000,204,204,0.245098,-0.135712,-323.000000,204,0.240196,-0.099310,-820.500000,204,0.279412,0.010359,-312.500000,-0.066044,-0.252030,0.072719
eth,3,eth3,poc,295,295,0.250847,-0.104688,-547.000000,295,0.271186,0.039590,473.000000,295,0.254237,-0.006557,-116.500000,295,0.359322,-0.038822,13.500000,295,0.257627,-0.081030,-555.500000,295,0.264407,-0.003808,-45.500000,167,167,0.233533,-0.180016,-828.000000,167,0.197605,-0.281067,-1901.000000,167,0.269461,-0.039797,-92.000000,0.017315,0.075328,0.677441
eth,3,eth3,val,262,262,0.259542,-0.080299,-478.000000,262,0.244275,-0.082933,-880.000000,262,0.255725,-0.005868,424.500000,262,0.335878,-0.110023,-603.000000,262,0.278626,-0.004775,68.000000,262,0.286260,0.069173,734.000000,215,215,0.227907,-0.205121,-1014.500000,215,0.246512,-0.058168,-506.500000,215,0.237209,-0.170093,-1142.500000,0.031635,0.124822,0.424284
eth,4,eth4,all,749,749,0.241656,-0.149574,-2983.000000,749,0.261682,0.012758,387.000000,749,0.238985,-0.041442,-3156.000000,749,0.335113,-0.111379,-1957.500000,749,0.249666,-0.110451,-2404.500000,749,0.246996,-0.060261,-1828.000000,510,510,0.231373,-0.189038,-1460.000000,510,0.221569,-0.143718,-2968.500000,510,0.276471,-0.016724,-724.000000,0.010283,0.039464,0.673822
eth,4,eth4,vah,273,273,0.256410,-0.090929,-312.000000,273,0.256410,0.030661,339.000000,273,0.219780,-0.061846,-1278.500000,273,0.340659,-0.094752,-455.500000,273,0.267399,-0.037245,-329.000000,273,0.271062,0.054357,601.000000,187,187,0.197861,-0.317216,-1273.500000,187,0.213904,-0.164983,-1249.500000,187,0.342246,0.238923,932.500000,0.058549,0.226288,0.144317
eth,4,eth4,poc,267,267,0.239700,-0.157782,-1078.500000,267,0.273408,0.039303,425.000000,267,0.262172,0.026586,-14.000000,267,0.352060,-0.061723,-226.500000,267,0.258427,-0.074081,-545.000000,267,0.232210,-0.118556,-1282.000000,159,159,0.245283,-0.137687,-168.000000,159,0.226415,-0.138908,-894.500000,159,0.251572,-0.114343,-474.000000,-0.005583,-0.020095,0.896439
eth,4,eth4,val,209,209,0.224880,-0.215692,-1592.500000,209,0.253589,-0.044539,-377.000000,209,0.234450,-0.101694,-1863.500000,209,0.306220,-0.196532,-1275.500000,209,0.215311,-0.252536,-1530.500000,209,0.234450,-0.135507,-1147.000000,164,164,0.256098,-0.092669,-18.500000,164,0.225610,-0.124134,-824.500000,164,0.225610,-0.213582,-1182.500000,-0.031217,-0.123023,0.482627
eth,5,eth5,all,684,684,0.248538,-0.122165,-1862.000000,684,0.252924,-0.033572,-930.000000,684,0.248538,0.002726,115.500000,684,0.345029,-0.082201,-1417.500000,684,0.261696,-0.069092,-1515.500000,684,0.260234,-0.014439,-400.000000,485,485,0.237113,-0.163421,-1737.500000,485,0.214433,-0.183785,-3610.000000,485,0.294845,0.055458,367.500000,0.011425,0.041255,0.653989
eth,5,eth5,vah,244,244,0.250000,-0.115627,-539.000000,244,0.217213,-0.140812,-1391.500000,244,0.217213,-0.077903,-392.500000,244,0.307377,-0.192340,-1218.000000,244,0.258197,-0.084968,-1022.000000,244,0.274590,0.066282,655.000000,181,181,0.243094,-0.148858,-939.000000,181,0.215470,-0.158243,-1160.000000,181,0.325967,0.170901,541.000000,0.006906,0.033232,0.870340
eth,5,eth5,poc,243,243,0.242798,-0.146039,-733.000000,243,0.283951,0.078494,772.500000,243,0.263374,0.034396,-435.000000,243,0.370370,-0.008492,221.500000,243,0.255144,-0.092435,-669.500000,243,0.238683,-0.108114,-1064.000000,144,144,0.250000,-0.097895,60.500000,144,0.243056,-0.063443,-370.000000,144,0.236111,-0.170405,-676.500000,-0.007202,-0.048144,0.873576
eth,5,eth5,val,197,197,0.253807,-0.100816,-590.000000,197,0.258883,-0.038980,-311.000000,197,0.269036,0.063525,943.000000,197,0.360406,-0.036705,-421.000000,197,0.274112,-0.020635,176.000000,197,0.269036,0.001128,9.000000,160,160,0.218750,-0.238867,-859.000000,160,0.187500,-0.320988,-2080.000000,160,0.312500,0.128139,503.000000,0.035057,0.138052,0.439280
rth,w,rthw,all,544,544,0.227941,-0.200162,-2233.000000,544,0.222426,-0.165260,-3641.000000,544,0.224265,-0.102672,-1787.500000,544,0.330882,-0.123804,-1582.500000,544,0.279412,0.004196,-535.000000,544,0.262868,0.000182,4.000000,425,425,0.242353,-0.138297,-1804.500000,425,0.223529,-0.131910,-2270.500000,425,0.261176,-0.072727,-871.500000,-0.014412,-0.061865,0.599164
rth,w,rthw,vah,208,208,0.211538,-0.262106,-754.000000,208,0.211538,-0.210292,-1771.500000,208,0.230769,-0.073548,251.500000,208,0.317308,-0.165800,-637.500000,208,0.269231,-0.028712,-610.000000,208,0.269231,0.055377,466.500000,155,155,0.245161,-0.111222,-470.000000,155,0.212903,-0.129908,-815.500000,155,0.296774,0.063477,378.000000,-0.033623,-0.150884,0.448602
rth,w,rthw,poc,185,185,0.297297,0.069765,663.000000,185,0.248649,-0.048916,-366.500000,185,0.232432,-0.052451,-184.000000,185,0.421622,0.143610,912.000000,185,0.270270,-0.037244,-209.000000,185,0.205405,-0.241508,-1809.500000,134,134,0.231343,-0.190310,-530.000000,134,0.223881,-0.133960,-727.000000,134,0.268657,-0.038735,-37.000000,0.065954,0.260075,0.190118
rth,w,rthw,val,151,151,0.165563,-0.445543,-2142.000000,151,0.205298,-0.245769,-1503.000000,151,0.205298,-0.204319,-1855.000000,151,0.238411,-0.393583,-1857.000000,151,0.304636,0.100298,284.000000,151,0.324503,0.220260,1347.000000,136,136,0.250000,-0.117907,-804.500000,136,0.235294,-0.132171,-728.000000,136,0.213235,-0.261451,-1212.500000,-0.084437,-0.327636,0.077159
eth,w,ethw,all,535,535,0.237383,-0.156684,-1576.500000,535,0.252336,-0.038975,-844.500000,535,0.242991,-0.024003,592.500000,535,0.342056,-0.091146,-994.500000,535,0.259813,-0.077530,-1726.000000,535,0.242991,-0.071351,-1546.000000,407,407,0.245700,-0.110550,-962.500000,407,0.240786,-0.063518,-1047.000000,407,0.267813,-0.049195,-599.500000,-0.008317,-0.046134,0.767484
eth,w,ethw,vah,207,207,0.236715,-0.144312,-414.500000,207,0.275362,0.052007,436.000000,207,0.270531,0.108241,2350.000000,207,0.342995,-0.088072,-269.000000,207,0.280193,-0.002429,-534.500000,207,0.260870,0.032146,269.500000,153,153,0.228758,-0.175203,-865.000000,153,0.196078,-0.206972,-1282.500000,153,0.320261,0.151915,745.500000,0.007957,0.030891,0.859939
eth,w,ethw,poc,175,175,0.280000,-0.001729,218.000000,175,0.274286,0.070335,498.500000,175,0.257143,0.027878,-12.500000,175,0.405714,0.093417,597.000000,175,0.234286,-0.174523,-1025.500000,175,0.177143,-0.343774,-2436.500000,124,124,0.193548,-0.316241,-754.500000,124,0.233871,-0.091298,-458.500000,124,0.250000,-0.114735,-283.500000,0.086452,0.314512,0.086447
eth,w,ethw,val,153,153,0.189542,-0.350658,-1380.000000,153,0.196078,-0.287098,-1779.000000,153,0.189542,-0.262261,-1745.000000,153,0.267974,-0.306407,-1322.500000,153,0.261438,-0.068196,-166.000000,153,0.294118,0.100218,621.000000,130,130,0.315385,0.161739,657.000000,130,0.300000,0.131814,694.000000,130,0.223077,-0.223371,-1061.500000,-0.125842,-0.512397,0.014481
on,-,on,all,1491,1491,0.260228,-0.068562,-1093.000000,1491,0.247485,-0.066324,-4005.000000,1491,0.221328,-0.126970,-11140.000000,1491,0.358149,-0.037669,-614.500000,1491,0.234742,-0.174958,-6664.000000,1491,0.229376,-0.146062,-8820.000000,1286,1286,0.241835,-0.138904,-5522.500000,1286,0.243390,-0.078433,-4085.000000,1286,0.231726,-0.182898,-6559.000000,0.018393,0.070342,0.265444
on,-,on,vah,523,523,0.256214,-0.087891,-1319.000000,523,0.229446,-0.133654,-2831.000000,523,0.217973,-0.123575,-3956.000000,523,0.357553,-0.040980,-627.500000,523,0.219885,-0.235720,-3076.500000,523,0.217973,-0.193400,-4096.500000,468,468,0.247863,-0.104408,-1187.000000,468,0.264957,0.006015,114.000000,468,0.230769,-0.182638,-2830.000000,0.008351,0.016517,0.762515
on,-,on,poc,459,459,0.246187,-0.113947,-98.500000,459,0.263617,-0.002421,-45.000000,459,0.206972,-0.190678,-5049.500000,459,0.355120,-0.041078,284.500000,459,0.257081,-0.086953,-992.000000,459,0.239651,-0.099841,-1856.000000,405,405,0.246914,-0.126697,-2174.000000,405,0.232099,-0.107118,-1757.000000,405,0.234568,-0.171202,-1413.500000,-0.000726,0.012750,0.980282
on,-,on,val,509,509,0.277014,-0.007775,324.500000,509,0.251473,-0.054767,-1129.000000,509,0.237721,-0.073009,-2134.500000,509,0.361493,-0.031192,-271.500000,509,0.229862,-0.191887,-2595.500000,509,0.231827,-0.139101,-2867.500000,413,413,0.230024,-0.189964,-2161.500000,413,0.230024,-0.145996,-2442.000000,413,0.230024,-0.194663,-2315.500000,0.046990,0.182189,0.103980
