tf,pattern,side,cond,n,pts6,base_pts6,atr6,base_atr6,pts12,base_pts12,atr12,base_atr12,pts24,base_pts24,atr24,base_atr24,held,base_held,excess12,n_2019-2022,excess12_2019-2022,p_2019-2022,n_2023-2026,excess12_2023-2026,p_2023-2026,passes
5m,engulfing,bear,all,9243,-0.6084063615709185,-0.3630012587722661,-0.024539870084728983,-0.01391630832309489,-0.3968408525370551,-0.5708604550028498,-0.02162160332260081,-0.02462419598997608,-1.1529345372460496,-1.4194029861610147,-0.049194216343750624,-0.04834452975311625,0.2816359049263046,0.13247837017855305,0.003002592667375268,4580,-0.039484078121977524,0.8731014300664867,4663,0.043485824242956155,0.09679572993872798,False
5m,engulfing,bear,overnight,2408,-0.19601328903654486,-0.36970879145589325,0.010462954682587726,-0.011225148427103286,-0.9383305647840532,-0.524629550170131,0.0016173574011578312,-0.018569385590749016,-1.2200791295746785,-1.3977249762081934,0.01733320177673939,-0.042275305705808446,0.29821958456973297,0.13608951123898125,0.02018674299190685,1207,-0.09717013376344626,0.9157552966723108,1201,0.13459954529989746,0.026509216886205465,False
5m,engulfing,bear,vwap2s,1275,-1.5335294117647058,-0.45444699521975535,-0.0466239614691932,-0.007981955138763727,-1.790392156862745,-0.48815063598747915,-0.052726398226076575,-0.009420777847000933,-0.42821100917431193,-1.373079923765701,-0.017934668761952686,-0.027981848243398208,0.29724770642201837,0.14281882434834434,-0.04330562037907564,605,-0.06805037114107863,0.7299006842120898,670,-0.022525050831577527,0.5863010225153389,False
5m,engulfing,bull,all,8889,0.020587242659466758,0.3321163982304072,0.009194768611362538,0.01323084712756132,-0.25075936550793115,0.5583582481302211,0.013354181621275324,0.02506013226403651,0.7664248849211884,1.4011059256444787,0.03516520623268514,0.04813842848926555,0.32696331426977265,0.1640938892463818,-0.011705950642761186,4374,0.015278019351454035,0.3327983572246612,4515,-0.03872478942905994,0.876610694984655,False
5m,engulfing,bull,overnight,1871,-0.9680652057723143,0.3101900474354834,-0.0339730629722308,0.00923020899841749,-1.2191341528594335,0.5522232825892608,-0.04063782161194826,0.01984396196043839,-2.8416509730069053,1.3720462586859634,-0.06330563531515321,0.0436214648074256,0.32454488386691777,0.16628741068296404,-0.06048178357238665,929,-0.04052125544132343,0.695955485937847,942,-0.08189611284608664,0.8610561321956441,False
5m,engulfing,bull,vwap2s,1000,-0.22775,0.3932233338876822,-0.05379171002391068,0.005304931168629864,-0.83725,0.4447525290534287,-0.07343385446065843,0.005824488203452907,0.6523972602739726,1.3522489590811537,0.011566049539462327,0.02592897404332761,0.384703196347032,0.17581281076350525,-0.07925834266411134,491,0.06307856099710046,0.3094677768742155,509,-0.21981595414396002,0.9724912194142433,False
5m,pin,bear,all,5314,-1.845079036507339,-0.363538976896132,-0.0386284066296331,-0.014694025507529266,-2.265807301467821,-0.5548023223256302,-0.049250600384041325,-0.02425872329167479,-4.643568416119963,-1.423887644970825,-0.12478032493571156,-0.04733471070947196,0.1780693533270853,0.13352711052197846,-0.024991877092366534,2562,-0.022778500439663087,0.6833588229830592,2752,-0.026693826990775448,0.7277757528038095,False
5m,pin,bear,overnight,1322,-3.3719742813918305,-0.3393536727662775,-0.059140110110128416,-0.011479595784132154,-1.8954236006051437,-0.49747292268222004,0.017561512007978137,-0.018647340170926518,-3.060523938572719,-1.3574466544203085,0.020194099850950893,-0.03883866695389787,0.17253839205058719,0.13826659551575274,0.036208852178904655,650,0.08036125281948124,0.21237110285353794,672,-0.009489083853041137,0.5397056798213504,False
5m,pin,bear,vwap2s,1052,-3.326996197718631,-0.4190116741283779,-0.09020463291827421,-0.009072051634487925,-4.903992395437262,-0.49501097934410654,-0.1540117406776676,-0.007945489706782832,-5.976956055734191,-1.373893867812605,-0.2008710764959514,-0.024751785326128074,0.2132904608788853,0.14829975265079254,-0.14606625097088477,512,0.026558775269259705,0.4192034146417358,540,-0.30940574095806367,0.9950417864661334,False
5m,pin,bull,all,6658,-0.7560078101531992,0.3445508886796731,-0.02317464385983127,0.01350042644577705,-0.1414839291078402,0.5732435814201452,-0.0037074030589587703,0.024446305398757303,1.0784205693296602,1.382976425337091,0.005777464622039566,0.04642567662680148,0.22846648301193756,0.16426350137957135,-0.028153708457716073,3113,-0.06778167568164084,0.9415831984672771,3545,0.0025962357059714923,0.47343594588897236,False
5m,pin,bull,overnight,1295,-2.184749034749035,0.3051195889516767,-0.10390076528140628,0.009238518193110449,-3.6067567567567567,0.5120825275461702,-0.15298643390576028,0.018037808234740146,-8.107272727272727,1.3214749724837702,-0.3314916943067536,0.03736513906958876,0.22545454545454546,0.16858753313201424,-0.17102424214050044,607,-0.17202625995230877,0.9505055298732238,688,-0.1763528366102446,0.9705363845837031,False
5m,pin,bull,vwap2s,1111,-0.2346984698469847,0.3418951555317423,-0.04992969117968806,0.0030578607635757273,0.54005400540054,0.43525772107029587,-0.043305613269075706,0.0008582181239230475,2.004634146341463,1.2841808300772324,-0.0691906871223836,0.016523027366413753,0.27902439024390246,0.18080957213402865,-0.04416383139299875,518,-0.08363993785388997,0.7319930332360326,593,-0.012159206605036846,0.5405286313791753,False
5m,inside,bear,all,7020,0.4527777777777778,-0.3503596192269469,0.01735894522321711,-0.013717282266445887,0.06663105413105413,-0.5296366460427689,-0.007385802343616891,-0.024069470502996144,-0.0309237303132189,-1.3764061986730987,0.015365327619657016,-0.04619256292486076,0.14634577950805167,0.13182519493234873,0.01668366815937925,3445,-0.007640038662887188,0.5742497505234979,3575,0.04219686929864296,0.1347124663289254,False
5m,inside,bear,overnight,1806,1.687984496124031,-0.37584937387046935,0.031480467616978876,-0.012412374454833503,1.4633167220376522,-0.5168556128821751,0.040548840528973125,-0.02028626538951461,-0.9662566489361702,-1.3562959600546718,0.017514339500081088,-0.04212030601098073,0.1589095744680851,0.13367076051387505,0.06083510591848773,881,0.05898188656136127,0.2415037126056887,925,0.06342326623787684,0.20359014267499262,False
5m,inside,bear,vwap2s,1090,-0.7371559633027523,-0.4847357870947878,-0.04238038689287694,-0.008970113727828135,-1.2637614678899083,-0.5262693864378498,-0.09372577980449776,-0.00955163079469116,-3.4305851063829786,-1.3777412249597303,-0.15500833313794152,-0.02695416618735795,0.17127659574468085,0.14286228466634726,-0.08417414900980659,560,-0.19901082762046457,0.9512329081527516,530,0.03948248251989568,0.36711743823346155,False
5m,inside,bull,all,7238,-0.01958413926499033,0.35285289274339743,0.009608168332171643,0.013528954457473291,-0.344294003868472,0.5407843661201711,0.005716800776904227,0.023322131858067932,-0.13444406373136886,1.3875436865950683,0.0003390467039069968,0.04657737666275182,0.18228542059277025,0.16376657136762296,-0.017605331081163706,3504,0.01470316433989585,0.3562453833472701,3734,-0.048543984672042066,0.9015497781430646,False
5m,inside,bull,overnight,1406,0.3189900426742532,0.33885280584486294,0.01617645853978647,0.011425610373980054,-2.3079658605974394,0.5197109454565415,-0.09420007006308485,0.019908853403138593,-3.7232528041415014,1.3507572189653239,-0.1699658035104392,0.042296990740454676,0.17946505608283003,0.16616875235984296,-0.11410892346622345,692,-0.08803867779950629,0.8291751535999021,714,-0.14187461786543912,0.946416861164765,False
5m,inside,bull,vwap2s,961,-0.5028616024973985,0.4054606343390688,-0.08422583198535356,0.0035444416726224948,-3.1992715920915713,0.4528065118151349,-0.162608779731676,0.002275133115463908,-0.9672514619883041,1.3095677883023498,-0.08778018043948152,0.01824680129360491,0.23859649122807017,0.1775279973037958,-0.1648839128471399,475,-0.24106647106372409,0.969729285510056,486,-0.08890588622424919,0.7530790142721424,False
5m,3bar,bear,all,5735,-1.3612031386224934,-0.37165017736906086,-0.04418179345757392,-0.015073978427839016,-1.181386224934612,-0.5839152251074972,-0.021483659579665824,-0.0265303996135478,-1.6729980574142025,-1.437290458673077,-0.04243402449393383,-0.05187269140511583,0.4116123462119577,0.1312082770918419,0.0050467400338819746,2940,-0.023548557495212334,0.7131313537665772,2795,0.036912068750875916,0.19034265953070212,False
5m,3bar,bear,overnight,1457,-1.448009608785175,-0.37739884171167454,-0.01659403168267829,-0.012757795724099644,-2.2410775566231984,-0.5318350108131384,-0.004132783334602857,-0.021449755540764556,-3.125938281901585,-1.3962018673960386,-0.061695905243240895,-0.04652712357958076,0.41117597998331945,0.13505458322211525,0.0173169722061617,694,-0.04233359098616694,0.6877693266635605,763,0.06863923988873785,0.2059179899409736,False
5m,3bar,bear,vwap2s,373,-0.3941018766756032,-0.410101685569737,-0.0357509791458556,-0.0146188980174539,-1.4115281501340482,-0.44530793714429806,-0.13327420031075352,-0.019539202399916848,1.2707612456747406,-1.390910970804193,-0.11046870305667929,-0.04589095980464785,0.42214532871972316,0.1353499713602136,-0.11373499791083666,162,0.013548343219695967,0.47151495505163055,211,-0.20811456314379628,0.9010459713312796,False
5m,3bar,bull,all,5905,1.3102878916172735,0.3629318083530165,0.014823346684142421,0.014692816958672236,2.4321761219305675,0.5552489852460125,0.05951486860390817,0.024909562899338093,2.1153846153846154,1.4326552688665855,0.052351435244571844,0.050587308485021756,0.4705512471180046,0.16410146909440487,0.03460530570457008,2995,-0.007652270142471735,0.5726324279196845,2910,0.07688271523471314,0.03048281705110271,False
5m,3bar,bull,overnight,1218,0.603448275862069,0.3299025488806012,-0.04846468745963273,0.012187786632367286,0.8741789819376026,0.4860187630427824,-0.0346036410597392,0.0199526481906931,-1.5402184707050646,1.4050938356326608,-0.02772826684117451,0.045218237852888005,0.4746772591857001,0.16713276019156437,-0.054556289250432294,637,-0.09981344882613936,0.8600516417625443,581,-0.006539906641432286,0.5279236131468708,False
5m,3bar,bull,vwap2s,266,4.328007518796992,0.3710176229006366,-0.04772447782919131,0.012469949636610175,4.193609022556391,0.3403586439935609,-0.032825983749127485,0.010745960510736724,-3.8720657276995305,1.3223968559051567,-0.16783108449445994,0.0349451876073345,0.4788732394366197,0.17090505895479358,-0.04357194425986421,117,-0.03866278909338651,0.5629195229982937,149,-0.05143705354508511,0.6030973911569013,False
5m,double,bear,all,19960,-0.487061623246493,-0.3479740822708469,-0.027064816732308993,-0.016931518533237273,-0.5795966933867736,-0.6122892954395588,-0.03729958365926954,-0.031483484394298364,-1.2850337946572257,-1.435362733897268,-0.0656138174859296,-0.05649167842911774,0.19176054071451562,0.12792344061522085,-0.005816099264971175,9781,-0.01767954356580065,0.7836474464567629,10179,0.005060252528633101,0.40642973388898573,False
5m,double,bear,overnight,5100,-0.7256862745098039,-0.31741487671942686,-0.020451340487317525,-0.01468916836595048,-0.7634803921568627,-0.5681661753962701,-0.004244870404087751,-0.02754866219600333,-1.5129122211445198,-1.415266788531714,0.00046234877011079606,-0.05383227228265449,0.18743937924345297,0.12973939472483306,0.02330379179191558,2491,-0.007020269259895167,0.5625451711659237,2609,0.05202976935698571,0.11042507562359058,False
5m,double,bear,vwap2s,2559,-1.741598280578351,-0.30844181752324557,-0.07140307457183233,-0.01177807965143937,-1.6737983587338805,-0.4184819484352722,-0.10063299877986916,-0.01772814122346565,-0.2415112386417982,-1.3801235081336314,-0.05407844235554602,-0.04550615058299589,0.15351506456241032,0.13557337095847655,-0.0829048575564035,1194,-0.10230846174445529,0.9361456495752645,1365,-0.0692930942524196,0.871057342259059,False
5m,double,bull,all,18811,0.2558742225293711,0.3446598956145579,0.014703790509871077,0.017014495266439948,0.06571952580936687,0.6061996376083718,0.009977017388662746,0.031735055278390704,0.9807004265859365,1.424335227757758,0.03541871311847124,0.05633306897661177,0.230218797302876,0.15934153336351684,-0.02175803788972796,9160,-0.019451430346891053,0.7976363538775157,9651,-0.02403265675204981,0.8632151829338142,False
5m,double,bull,overnight,3802,-0.3774329300368227,0.33544516604027097,-0.025712010596862143,0.015446265324262127,-1.9084692267227774,0.5818268736334333,-0.07785979312259468,0.02821606750269429,-3.4931540745628507,1.4334584155943875,-0.08497757100870698,0.05410858261502186,0.2068624216430221,0.16199829673142635,-0.10607586062528897,1865,-0.10594640841742835,0.9792223997585141,1937,-0.10940887821434565,0.9869432885753938,False
5m,double,bull,vwap2s,1879,-1.0179616817456094,0.2603834870258988,-0.05396187675328851,0.008506240302558808,-0.9144491750931346,0.3097068296511088,-0.07182632914944088,0.010923762857335878,1.4446022727272727,1.3324623744038608,0.0012450785944469315,0.039848743536653894,0.18686868686868688,0.16952076001163757,-0.08275009200677676,869,-0.06796480816231236,0.8025964866276596,1010,-0.09549496846633963,0.9057884354220196,False
1m,engulfing,bear,all,49973,-0.20282452524363156,-0.039552732414973736,-0.012796963627906298,-0.0055464517873408175,-0.22136453684989896,-0.09530250982066575,-0.016732703204372215,-0.012736033798059767,-0.4269329152570344,-0.19250169483294954,-0.032413208193130115,-0.024809124009010027,0.26095387408202,0.1273467426167637,-0.0039966694063124485,23804,-0.0069914932786913925,0.6774488763254468,26169,-0.0004473679833035647,0.5128848545886826,False
1m,engulfing,bear,overnight,12326,-0.10907837092325166,-0.034486146046187216,-0.005193744292365413,-0.004976674162800656,0.13856887879279572,-0.10162694416863688,0.009408200692578984,-0.012692797766828192,0.15737043507195742,-0.19857295305355757,0.020009276305040225,-0.023536887139660234,0.2654521254471342,0.1281503568161937,0.022100998459407176,5806,0.0038372479747910662,0.45083062832127613,6520,0.0394427592812021,0.07954931617013024,False
1m,engulfing,bear,vwap2s,4432,0.3674977436823105,0.00020090710873688598,-0.012288017332606841,-0.004566892470706158,-0.41228564981949456,-0.030319506503980246,-0.07013274760351876,-0.011159379146506132,-0.5395712630359212,-0.18156209434620701,-0.061991298844080396,-0.026008819518817224,0.2711471610660487,0.13026390745201116,-0.05897336845701263,2060,-0.09189940973243114,0.9479437543142342,2372,-0.034117209305282475,0.7547728115485841,False
1m,engulfing,bull,all,49804,0.09146353706529596,0.03979758027602728,0.006190594904648693,0.005810324901351559,0.004261705887077343,0.09542757761339288,0.00847478108262627,0.012912333467418772,0.09900548127231958,0.19414129100983743,0.02508965850995177,0.025151747348835393,0.28899177809152066,0.14467507668998103,-0.0044375523847925025,23891,-0.003798243095566427,0.5990172995500529,25913,-0.00514755123028608,0.644221098531512,False
1m,engulfing,bull,overnight,9501,0.12956530891485107,0.03583372957900537,0.0019349426623618791,0.00538085354555844,-0.11943479633722766,0.09658593930180223,-0.013478115871148721,0.012258504226929519,-0.1022628843655262,0.21084010297201805,-0.01143954122625225,0.02492438291180674,0.2941749675184062,0.1456792591462519,-0.02573662009807824,4612,-0.027840258019079033,0.7901321986280104,4889,-0.024003896847681314,0.7703582509740783,False
1m,engulfing,bull,vwap2s,3427,-0.5099212138896995,0.001821944868382539,-0.02397366539736219,0.005563475336349954,-0.6496206594689232,0.03187555984630661,0.0013619974987657201,0.012577654475394488,0.006590772917914919,0.1834600662382482,0.05547272889701623,0.02686290194979787,0.31366087477531457,0.1473214962830004,-0.011215656976628768,1611,-0.027341574235852602,0.6629454662899877,1816,0.006323054886950433,0.4560423923183647,False
1m,pin,bear,all,37459,-0.002295843455511359,-0.043330688735961076,-0.011206317011037505,-0.006107668307873354,-0.08905069542700018,-0.09394288939118357,-0.0213261514018992,-0.01301902345754291,-0.10147382920110193,-0.1828429668224961,-0.032609854663447124,-0.024287184362792858,0.17261707988980715,0.12652409204044254,-0.00830712794435629,19930,-0.02248568469201208,0.9112308195080133,17529,0.008047265865608505,0.31855136621450886,False
1m,pin,bear,overnight,8952,-0.035746201966041107,-0.045925822282064085,-0.007374363052557319,-0.00579459080545388,-0.003993521000893655,-0.10038539623696495,-0.01815495946935214,-0.012600701041603669,-0.06482118294360385,-0.19567698166564232,-0.009674487171740246,-0.02277585890904265,0.1798486932599725,0.12774046097068067,-0.00555425842774847,4767,-0.03295757510728905,0.8288749589248829,4185,0.024163299092236135,0.24818650903917314,False
1m,pin,bear,vwap2s,3758,-0.25039914848323575,0.01602321454939809,-0.034302073457883726,-0.00148754880322203,-0.39069984034060673,-0.02508734248656338,-0.06394155502289488,-0.011338868411184649,-0.82113654946852,-0.18507340067067216,-0.11945384727895392,-0.02288546083931657,0.1948759880076315,0.13183071778773886,-0.05260268661171023,1948,-0.10181092943825669,0.9528108453815398,1810,-0.002320110413549797,0.5153202498706293,False
1m,pin,bull,all,41361,-0.12299025652184425,0.039808586060666916,0.003341209258912199,0.005979510195831717,-0.040448731897197845,0.09347457753486153,0.01294302959611325,0.013308758339568749,0.07371362136213622,0.18315015757695816,0.028476672284171594,0.02483505162856017,0.19544454445444545,0.14402763761880513,-0.00036572874345549775,20844,0.00017945677744835785,0.49562732302824775,20517,-0.00033969227992176963,0.5086314938672147,False
1m,pin,bull,overnight,7347,-0.4443310194637267,0.034569164276120376,-0.018414623764121167,0.00583721912428979,-0.7797060024499796,0.08811409107185014,-0.049244225961232194,0.012647534053537123,-1.3072167109123936,0.20523025564844405,-0.10549459110364416,0.024728927256358772,0.18876624283917842,0.14511156973521117,-0.061891760014769315,3748,-0.05781391201828433,0.9304069844561458,3599,-0.06550931907730698,0.9566214287658422,False
1m,pin,bull,vwap2s,3057,-0.38886162904808635,-0.014598208323249267,-0.02293723285253743,0.004520318648809082,-0.2612037945698397,0.025316234018339247,-0.026948873071641996,0.013692039379644758,-0.6579343823234014,0.21423927768214593,-0.017020854468301008,0.025672358867009384,0.22798794777368597,0.14997095853253117,-0.04064091245128675,1509,-0.09379575404512848,0.8960268848996502,1548,0.013269174975631896,0.4206456752079227,False
1m,inside,bear,all,40203,-0.08904808098898093,-0.041639621139417195,-0.0102619981608146,-0.006108496606331898,-0.03030868343158471,-0.09199454246146595,-0.008810525372733654,-0.012836691323914403,-0.13800750816384252,-0.18197513189767264,-0.018415668920304575,-0.02470744637255029,0.13409272068087733,0.1253782724200764,0.004026165951180749,19088,0.011737959760866465,0.2449382132816237,21115,-0.0017305516414584225,0.5446225800039849,False
1m,inside,bear,overnight,9632,0.051157599667774084,-0.043355399041591254,-3.660339477009382e-05,-0.006134972970574617,0.13483700166112958,-0.1042883573446176,0.0028667310641931646,-0.013116632778633699,0.6967897271268058,-0.20388468766114037,0.04366565590897068,-0.025270925351070738,0.1348314606741573,0.12587767119367155,0.015983363842826864,4485,0.016104580080925933,0.3248985361453556,5147,0.018051308122294635,0.2831060196474469,False
1m,inside,bear,vwap2s,3434,-0.30481945253348863,0.0006457019536879993,-0.023956379102581176,-0.005018686044444825,-0.40186371578334307,-0.030197615060816616,-0.01903197887566877,-0.01178894550331761,-0.22463334331038612,-0.1801937145626276,-0.02991402092611066,-0.025996245525833506,0.15205028434600418,0.1286720944441226,-0.0072430333723511615,1573,0.018210910045237456,0.3896371851592101,1861,-0.026768126259051537,0.6836513800244606,False
1m,inside,bull,all,40618,0.20433059234822,0.04028030914445998,0.014411307935281701,0.005874590037961986,0.1658439608055542,0.09398605503880127,0.014389769285376506,0.012474606715147267,0.3800915012800041,0.1822544307653396,0.02771262682460378,0.023939904075257243,0.15524801662737941,0.14318387761586487,0.0019151625702292386,19184,0.008965584335292561,0.29786586682706695,21434,-0.00473536054032282,0.6216127690682526,False
1m,inside,bull,overnight,7275,0.4970790378006873,0.04831284825654374,0.013420061686055081,0.0063051637600968855,-0.042027491408934706,0.11015303328829262,-0.028891236838725635,0.012991918483604738,0.08172399210600508,0.20140648774409356,-0.03423893646157204,0.024182132204404173,0.15477868621370172,0.143973734949567,-0.041883155322330376,3511,-0.035257857491404095,0.8138016529180102,3764,-0.05003682513879585,0.9131007861224473,False
1m,inside,bull,vwap2s,2921,0.4358952413557001,-0.008864395337288992,-0.012627399686374207,0.0038086584513024034,-0.24289626840123246,0.014194977857431807,-0.0734032924320353,0.009869170381434202,-0.013752627890679747,0.17826001791631513,-0.07591437314780375,0.024080811646711806,0.16608269096005607,0.1458664320533633,-0.0832724628134695,1380,-0.10896705789159893,0.9413293006557102,1541,-0.05961046830329161,0.827638166273154,False
1m,3bar,bear,all,32852,-0.2321243759892853,-0.03425706101856711,-0.022699482480141087,-0.005116461973412683,-0.24360769511749666,-0.09206536156039935,-0.03519245670992684,-0.01214214528087438,-0.20208713719070703,-0.17939548267280844,-0.037714439647804625,-0.023395246487534205,0.38188629352137504,0.127894858366566,-0.023050311429052464,16131,-0.04168763770482589,0.9885027862296001,16721,-0.004527073479127772,0.6034792253820715,False
1m,3bar,bear,overnight,7874,-0.12680975361950725,-0.04086172953657149,-0.017035774488005764,-0.005305469039047469,-0.21174117348234697,-0.10829742344230968,-0.03569904414554006,-0.012498387739732315,0.4498241729617088,-0.19748583293276004,0.015563480239174305,-0.022417167551325255,0.38460536598072415,0.12846990753123577,-0.02320065640580774,3818,-0.05795520131698146,0.9373224587861307,4056,0.009908159728192315,0.3893834556990299,False
1m,3bar,bear,vwap2s,1993,-0.09834420471650777,-0.013156618651527481,-0.04768573262142302,-0.005409378175509951,-0.8355494229804316,-0.060706348142836035,-0.11037436480461167,-0.012681652289116031,-1.3207399687337156,-0.14833669532524127,-0.13385733397076055,-0.024044336587498286,0.35956227201667534,0.1285007241924271,-0.09769271251549563,938,-0.10972493805868609,0.917903909482326,1055,-0.09593298004057754,0.9159953631209877,False
1m,3bar,bull,all,33893,-0.21367981589118698,0.02905544936939683,-0.017147450378660663,0.004794184853691289,-0.1648201693565043,0.08537471616683387,-0.013125566580560346,0.011840502976053921,0.21039482932493964,0.18617252366124803,0.024466679711164622,0.024063295714892168,0.40836720349601197,0.14574405189066703,-0.02496606955661427,16702,-0.056577288708076344,0.9991572425574111,17191,0.006804574097993155,0.3445760728656943,False
1m,3bar,bull,overnight,6529,-0.08791545412773778,0.03729318161578022,-0.013505797812470178,0.004981730160954678,-0.40124827691836423,0.09408260138320862,-0.03055372031143355,0.010912277495842873,-0.13662149385439648,0.214081839037271,-0.02814328616480221,0.023462307065434316,0.4114402773400567,0.14658059944483867,-0.041465997807276424,3320,-0.039789915871646354,0.8370764746316777,3209,-0.041913254435311374,0.8547118613925166,False
1m,3bar,bull,vwap2s,1549,-1.235635894125242,0.01941919202932733,-0.06534664305849791,0.006698044836320052,-1.6657520981278244,0.06596376730618227,-0.07008618461735125,0.01377980552611044,-1.6061210911510313,0.1587182886343582,-0.031219997416271506,0.025759190432019116,0.4045242847638057,0.14622170149251076,-0.08386599014346169,744,-0.1988443105167848,0.9886294508459124,805,0.030820830781525296,0.35015910445719434,False
1m,double,bear,all,137171,-0.11259668588841665,-0.045822537283314486,-0.01091348683548875,-0.006079610908879416,-0.18171843902865767,-0.0963584127881285,-0.022030238312216732,-0.012841487914842707,-0.23245498230976394,-0.17728649365293986,-0.03349760912860636,-0.024357737427009942,0.22820027308594665,0.12582050039904333,-0.009188750397374025,66842,-0.017980473730994068,0.9780638490125777,70329,-0.0008138759755789545,0.5388714610033343,False
1m,double,bear,overnight,33233,-0.16764962537237083,-0.05186376337202599,-0.011917758106328754,-0.0060999161410821385,-0.25559684650798903,-0.10689219442649064,-0.021318249341399725,-0.012445541182757659,-0.05170385960568263,-0.18656017851072473,-0.006857468198407327,-0.023247616062048306,0.224612337119688,0.12618177339163872,-0.008872708158642066,16090,-0.03865286069233394,0.9835150628062438,17143,0.019226098638901172,0.1275331455604967,False
1m,double,bear,vwap2s,11125,-0.1326741573033708,-0.03621632794614777,-0.007698816221767122,-0.005870577857171953,-0.2755955056179775,-0.09978704165334776,-0.01815722553718519,-0.012803448337589958,-0.01188490408673895,-0.17744478765065574,-0.01990708647906051,-0.023580352263246656,0.19423593735520342,0.1269521226270559,-0.005353777199595233,5302,-0.005976068925520864,0.5737213149586162,5823,-0.007565835465314467,0.6014826241618798,False
1m,double,bull,all,136270,0.04328172011447861,0.04309839021344886,0.0026710455975528656,0.005911543235146367,0.03425735671827988,0.0952530391281453,0.007096725646281554,0.01299412134635964,0.12582640545921547,0.17809874894327973,0.019033704528520195,0.024503355364083965,0.25773971457665246,0.143566813300174,-0.0058973957000780855,66066,-0.012357112543318689,0.9156446808556836,70204,-2.926284226417113e-06,0.5001398304461484,False
1m,double,bull,overnight,25382,0.05678236545583484,0.05412664752759902,-0.002845132782206061,0.006069189511357348,-0.14614687573871246,0.10954336588591078,-0.012151946924171006,0.012860575633038211,-0.3762629336579428,0.1973169907841001,-0.039809150134107574,0.024162758690108244,0.24455264759586123,0.14424525671689903,-0.02501252255720922,12508,-0.025423756390707892,0.891892925224142,12874,-0.02482539827071655,0.8988231883515017,False
1m,double,bull,vwap2s,8236,0.36243322000971345,0.05011913667638687,0.00497563499130117,0.006768433104811708,0.35199125789218066,0.12539712895117341,0.009346236939035633,0.014649992022755937,0.50975,0.19162230409661662,0.04081022356462439,0.022886947547618736,0.21325,0.14483791931011794,-0.0053037550837203035,3814,-0.06848809554620115,0.9653372665150586,4422,0.05274402722204727,0.05993115547458545,False
