id,block,date
768238,1,2023-06-12
496862,1,2022-01-13
220251,1,2026-08-06
406320,1,2023-12-13
102411,1,2026-09-18
597195,1,2019-11-15
970176,1,2022-11-02
905100,1,2019-09-13
770811,1,2021-06-01
160425,1,2023-11-09
517515,1,2024-11-04
878524,1,2022-03-01
421212,1,2025-10-10
227794,1,2023-05-16
348227,1,2020-02-28
808881,1,2025-03-07
992014,1,2026-07-17
883920,1,2020-01-14
756857,1,2019-12-24
976546,1,2025-04-08
635183,2,2022-05-31
542093,2,2025-01-15
657550,2,2024-03-20
446581,2,2019-09-19
393292,2,2022-07-21
552345,2,2024-01-31
398680,2,2024-01-09
339495,2,2020-10-22
108765,2,2021-07-16
717943,2,2026-04-28
999250,2,2020-04-22
802219,2,2023-02-14
877725,2,2024-12-24
564473,2,2021-05-10
920609,2,2021-02-25
915276,2,2020-10-27
343736,2,2026-04-17
728264,2,2025-04-09
989398,2,2021-04-21
198420,2,2019-09-06
572962,3,2024-07-03
436536,3,2019-10-16
662655,3,2021-07-20
293758,3,2021-06-03
191128,3,2026-02-18
313581,3,2024-05-10
730208,3,2026-06-16
254442,3,2026-03-20
177025,3,2019-11-29
405270,3,2026-09-11
825406,3,2024-03-14
453031,3,2020-03-04
963723,3,2025-12-12
836021,3,2022-01-14
470462,3,2025-10-06
800431,3,2023-11-02
125529,3,2023-12-20
391189,3,2019-09-12
182052,3,2020-11-26
452246,3,2022-09-01
110629,4,2019-12-26
230903,4,2019-12-13
105937,4,2024-11-20
725609,4,2026-09-10
314769,4,2022-07-13
375473,4,2024-06-26
221731,4,2022-03-03
493789,4,2023-06-27
600569,4,2023-09-28
181616,4,2026-04-02
383532,4,2022-12-20
236697,4,2021-10-27
348583,4,2020-08-14
827037,4,2021-05-19
491618,4,2019-08-30
133013,4,2022-04-11
761273,4,2022-04-28
249538,4,2019-09-24
397590,4,2020-11-19
725992,4,2023-10-26
902674,5,2024-04-01
537035,5,2026-06-08
760191,5,2021-10-07
810798,5,2021-02-18
255049,5,2023-02-02
734017,5,2025-07-01
331956,5,2024-06-18
125905,5,2024-08-08
135344,5,2024-10-22
952499,5,2025-07-03
205220,5,2020-09-14
123692,5,2019-09-09
731351,5,2022-02-11
853555,5,2024-05-07
148478,5,2025-05-06
109920,5,2023-08-28
371648,5,2021-01-27
107576,5,2026-05-28
981124,5,2026-04-07
376458,5,2024-02-22
676477,6,2019-12-19
448469,6,2020-10-28
377289,6,2021-12-31
197976,6,2026-08-28
590050,6,2025-05-23
620088,6,2023-05-09
796124,6,2026-07-03
553476,6,2024-06-25
812861,6,2023-09-25
752288,6,2026-09-15
164095,6,2020-11-06
545763,6,2025-12-03
685411,6,2022-09-12
561516,6,2020-09-07
522561,6,2026-07-14
596961,6,2022-06-14
460272,6,2024-03-22
731667,6,2020-03-17
656301,6,2019-10-11
853949,6,2025-02-20
217104,7,2020-01-10
315796,7,2019-11-05
360024,7,2024-12-17
655178,7,2020-05-22
994120,7,2023-05-24
234511,7,2025-02-06
302661,7,2025-02-28
467026,7,2023-06-13
963831,7,2020-02-05
481777,7,2025-11-20
873699,7,2019-10-08
767914,7,2019-10-07
404780,7,2025-12-17
307808,7,2020-07-27
680009,7,2024-12-09
381470,7,2025-04-17
342620,7,2020-05-18
757688,7,2019-08-26
556830,7,2022-12-27
222073,7,2023-07-19
435023,8,2020-04-23
427186,8,2019-10-10
845279,8,2019-12-09
384531,8,2022-01-27
407507,8,2025-05-08
457420,8,2021-08-03
395331,8,2023-03-17
944484,8,2022-10-03
343727,8,2024-12-13
891772,8,2023-03-07
424113,8,2025-11-03
575837,8,2020-04-13
585539,8,2019-10-15
893320,8,2022-12-08
802688,8,2025-09-04
670445,8,2020-03-02
823410,8,2024-02-28
505157,8,2023-12-28
595450,8,2019-11-01
708777,8,2026-02-23
455572,9,2022-03-22
966484,9,2022-11-25
390012,9,2021-01-12
356026,9,2023-05-02
616666,9,2023-11-23
433931,9,2025-07-02
529660,9,2019-11-21
148185,9,2023-02-16
642683,9,2022-11-08
342773,9,2020-02-26
379322,9,2022-04-13
759326,9,2026-02-02
893896,9,2021-01-22
220020,9,2023-02-28
636182,9,2025-11-27
835802,9,2024-11-26
916422,9,2022-01-21
984585,9,2021-03-18
336010,9,2024-01-30
605379,9,2026-09-21
296698,10,2023-10-12
820345,10,2021-10-26
726582,10,2026-03-18
132668,10,2024-03-15
398549,10,2021-12-06
657547,10,2025-03-13
883064,10,2020-05-07
770195,10,2025-08-04
242946,10,2022-02-22
444873,10,2022-01-19
285321,10,2023-06-09
534166,10,2020-01-21
387160,10,2023-09-15
171802,10,2023-05-19
628473,10,2024-06-12
473937,10,2024-05-09
768220,10,2026-05-05
321721,10,2020-01-08
327479,10,2021-05-20
708735,10,2021-02-04
274418,11,2025-08-07
345036,11,2023-11-20
401129,11,2026-03-27
461965,11,2021-11-18
576558,11,2026-09-14
348888,11,2026-04-16
755234,11,2022-01-11
313249,11,2024-05-29
176531,11,2021-03-15
715480,11,2021-09-22
156609,11,2019-11-06
579631,11,2021-07-08
355306,11,2019-10-01
863358,11,2025-09-30
808987,11,2022-09-23
287410,11,2026-08-05
301427,11,2021-07-22
393419,11,2020-10-21
255461,11,2021-04-20
403475,11,2021-04-27
724231,12,2026-07-13
582597,12,2020-10-13
921144,12,2025-03-24
677733,12,2021-03-12
458552,12,2026-07-22
973660,12,2022-08-02
441001,12,2019-11-27
683184,12,2020-07-31
364355,12,2023-08-11
291379,12,2021-11-08
296835,12,2019-11-07
140115,12,2019-12-02
313802,12,2026-05-06
785802,12,2019-12-18
722261,12,2020-03-23
345168,12,2022-07-20
436678,12,2024-03-06
401306,12,2025-07-07
471143,12,2024-02-05
260802,12,2025-05-26
