id,name,n,net,R,win,pf,dd,dd_R,p,years_pos,years,R_h1,R_h2,n_h1,n_h2,R_long,R_short,R_nb1,n_nb1,R_nb2,n_nb2,by_year_net,by_year_R
A01,JadeCap Silver Bullet,288,-1489.0,-0.0179,35.8,0.886,-3118.0,-34.2,0.5813,2,4,-0.0179,,288,0,-0.0459,0.0129,-0.0389,288,0.0426,288,+404 / +478 / -1448 / -923 / . / . / . / .,+0.42 / +0.08 / -0.35 / -0.03 / . / . / . / .
A02,Casper 5-minute candle + 1-minute FVG break,893,-4300.0,-0.1444,32.3,0.859,-5378.0,-135.7,0.9992,0,4,-0.1444,,893,0,-0.1223,-0.1676,-0.1671,893,-0.1534,893,-542 / -1808 / -687 / -1264 / . / . / . / .,-0.34 / -0.16 / -0.07 / -0.10 / . / . / . / .
A03,"Casper 30-minute range, sweep and FVG back inside",263,4670.0,0.0501,39.5,1.333,-1084.0,-18.4,0.27,3,4,0.0501,,263,0,0.0323,0.0683,0.0669,263,0.0683,263,-508 / +3627 / +630 / +922 / . / . / . / .,-0.33 / +0.21 / -0.01 / +0.09 / . / . / . / .
A05,Candle Range Theory on the 05:00-09:00 candle,659,-2650.0,-0.0694,38.8,0.887,-2832.0,-45.8,0.8904,1,4,-0.0694,,659,0,-0.0582,-0.0802,-0.0648,659,-0.0741,659,-547 / +487 / -1930 / -660 / . / . / . / .,-0.19 / +0.07 / -0.14 / -0.08 / . / . / . / .
A09,"ICT Silver Bullet, first FVG with the midnight-open side rule",517,-74.0,-0.0239,35.4,0.996,-3070.0,-54.5,0.648,2,4,-0.0239,,517,0,0.003,-0.0486,-0.0578,517,-0.0562,517,+215 / -198 / -1462 / +1371 / . / . / . / .,+0.02 / +0.02 / -0.23 / +0.11 / . / . / . / .
A10,First presented FVG after 09:30,897,3726.0,0.1131,23.9,1.072,-6116.0,-57.5,0.0755,3,4,0.1131,,897,0,0.1669,0.0607,0.0509,868,0.0991,761,+84 / -2694 / +1010 / +5325 / . / . / . / .,+0.01 / -0.04 / +0.15 / +0.29 / . / . / . / .
A14,"Candle Range Theory, hourly",236,-974.0,-0.1936,35.6,0.881,-1574.0,-49.0,0.997,1,4,-0.1936,,236,0,-0.2042,-0.1852,-0.166,240,-0.2207,236,-17 / -1142 / -291 / +476 / . / . / . / .,-0.16 / -0.42 / -0.05 / -0.13 / . / . / . / .
B01,"Quick Flip Scalper (15m box >= x ATR, reversal candle outside the box)",146,-1447.0,-0.2397,14.4,0.76,-2730.0,-51.6,0.8935,0,4,-0.2397,,146,0,-0.004,-0.4341,-0.2155,214,-0.1676,94,-136 / -96 / -1112 / -102 / . / . / . / .,-0.40 / -0.10 / -0.50 / +0.04 / . / . / . / .
B03,"Casper 5-minute range, break and wick retest, midpoint stop",354,-2614.0,-0.0839,33.3,0.865,-4428.0,-44.2,0.8718,1,4,-0.0839,,354,0,0.0617,-0.2363,-0.0717,354,0.008,354,-82 / -2093 / -678 / +240 / . / . / . / .,+0.04 / -0.27 / -0.09 / +0.01 / . / . / . / .
B04,"Jooviers Gems London box (04:00-08:59), first 5m close outside from 09:30",499,-4115.0,-0.0163,35.7,0.848,-5988.0,-44.7,0.6006,2,4,-0.0163,,499,0,0.0256,-0.0574,0.0125,503,-0.0091,467,+218 / -2990 / +242 / -1585 / . / . / . / .,+0.13 / -0.16 / +0.03 / +0.01 / . / . / . / .
B05,Scarface first-candle break and retest,822,-3864.0,-0.1106,33.3,0.876,-6748.0,-124.0,0.9882,1,4,-0.1106,,822,0,-0.114,-0.1072,-0.1111,822,-0.1025,822,-1128 / -1706 / -1488 / +458 / . / . / . / .,-0.40 / -0.09 / -0.15 / +0.05 / . / . / . / .
B06,Pre-market high / low break and retest,740,-4745.0,-0.1257,33.4,0.823,-6239.0,-112.0,0.9929,0,4,-0.1257,,740,0,-0.0545,-0.1978,-0.1558,740,-0.1625,740,-20 / -1569 / -2231 / -924 / . / . / . / .,-0.06 / -0.12 / -0.21 / -0.08 / . / . / . / .
B07,"DR / IDR 09:30-10:29, first 5m close beyond, stop the opposite DR extreme, flat bar",804,4360.0,0.0188,55.0,1.075,-5419.0,-22.3,0.2336,2,4,0.0188,,804,0,0.0241,0.0122,0.0272,832,0.0366,764,-357 / -3947 / +1713 / +6951 / . / . / . / .,-0.02 / -0.05 / +0.06 / +0.07 / . / . / . / .
B08,"edgeful IB retracement: limit 1/4 W back from the IB extreme, stop beyond the midpoint",292,-156.0,0.0197,39.7,0.987,-1688.0,-24.8,0.3977,2,4,0.0197,,292,0,0.0014,0.0459,-0.0588,175,0.1208,337,+84 / -370 / -744 / +874 / . / . / . / .,+0.23 / -0.02 / -0.14 / +0.12 / . / . / . / .
B09,"IB75 (Dan Cooke): limit 1/4 W from the first-set IB extreme, target that extreme, VWAP filter",30,162.0,0.1128,60.0,1.227,-281.0,-3.1,0.279,3,4,0.1128,,30,0,0.1123,0.1136,-0.158,30,0.0262,30,-14 / +38 / +126 / +10 / . / . / . / .,-0.51 / +0.15 / +0.32 / +0.12 / . / . / . / .
B14,"IB breakout (samjNQ): 5m close beyond the IB on the VWAP side, stop the other IB level, target k x W",863,6754.0,0.0356,56.0,1.108,-3884.0,-14.7,0.0703,2,4,0.0356,,863,0,0.0281,0.0444,0.0268,864,0.0407,863,-283 / -1957 / +3546 / +5448 / . / . / . / .,-0.03 / -0.00 / +0.09 / +0.05 / . / . / . / .
C01,MACD + 200 EMA,615,8124.0,0.1285,49.6,1.24,-2244.0,-16.8,0.0016,4,4,0.1285,,615,0,0.183,0.0551,0.071,946,-0.0234,309,+916 / +3079 / +104 / +4025 / . / . / . / .,+0.08 / +0.15 / +0.03 / +0.24 / . / . / . / .
C02,"8-55 EMA pullback, long only, 0.75 % trailing stop",588,7517.0,0.205,49.1,1.268,-1914.0,-35.1,0.0281,3,4,0.205,,588,0,0.205,,0.181,704,0.2499,391,-338 / +3651 / +100 / +4104 / . / . / . / .,-0.25 / +0.40 / +0.03 / +0.34 / . / . / . / .
C03,Triple Supertrend + Stochastic RSI + 200 EMA,1006,1999.0,0.0086,44.7,1.042,-3162.0,-36.1,0.4017,2,4,0.0086,,1006,0,0.0274,-0.0154,-0.0075,1481,0.0852,340,-690 / +334 / -1310 / +3666 / . / . / . / .,-0.12 / +0.02 / -0.02 / +0.09 / . / . / . / .
C04,Donchian(20) + 200 EMA,899,-5238.0,-0.0067,46.9,0.919,-7649.0,-41.1,0.5775,1,4,-0.0067,,899,0,0.0436,-0.0686,0.053,1145,0.0447,489,+364 / -1097 / -1495 / -3010 / . / . / . / .,+0.03 / -0.01 / +0.00 / -0.03 / . / . / . / .
C05,"Supertrend(10, 3) flip + 200 EMA",749,108.0,0.059,49.7,1.002,-4992.0,-19.5,0.0536,3,4,0.059,,749,0,0.081,0.0297,0.0175,971,0.0414,432,+1137 / +960 / +550 / -2538 / . / . / . / .,+0.20 / +0.04 / +0.05 / +0.02 / . / . / . / .
C06,EMA 8 / 14 / 50 + Stochastic RSI + ATR bracket,2446,-3352.0,-0.0091,59.6,0.972,-8408.0,-62.3,0.7174,1,4,-0.0091,,2446,0,0.0438,-0.0642,-0.023,3492,0.0117,1159,-1144 / -3874 / -1930 / +3597 / . / . / . / .,-0.06 / -0.03 / -0.01 / +0.04 / . / . / . / .
C07,MACD + Parabolic SAR + 200 EMA,1251,8170.0,0.0693,46.4,1.118,-5594.0,-43.5,0.0119,3,4,0.0693,,1251,0,0.0908,0.0441,0.0204,1361,0.0707,1203,+798 / +4026 / -2836 / +6181 / . / . / . / .,+0.06 / +0.10 / -0.07 / +0.18 / . / . / . / .
C08,Bollinger upper-band breakout + 200 SMA + daily 9 EMA (long only),490,775.0,0.0197,49.4,1.033,-2380.0,-24.8,0.3321,2,4,0.0197,,490,0,0.0197,,0.0266,557,0.0411,276,-290 / -1443 / +902 / +1606 / . / . / . / .,-0.02 / -0.10 / +0.10 / +0.18 / . / . / . / .
C09,"Stochastic (14,3,3) arm + RSI(14) > 50 + MACD > signal",1188,5970.0,-0.0055,44.0,1.082,-2713.0,-27.8,0.5805,3,4,-0.0055,,1188,0,0.0273,-0.0367,-0.0248,1693,0.018,553,+536 / +3152 / -464 / +2747 / . / . / . / .,-0.02 / +0.04 / -0.04 / -0.01 / . / . / . / .
C10,"9 / 20 EMA ""Bone Zone"" first pullback",457,330.0,-0.056,28.0,1.022,-2040.0,-33.8,0.7607,2,4,-0.056,,457,0,-0.1832,0.0859,-0.113,457,0.0361,457,+32 / +925 / -46 / -581 / . / . / . / .,-0.12 / +0.04 / -0.03 / -0.13 / . / . / . / .
C12,"TTM Squeeze fire (BB 20/2 inside KC 20/1.5xATR20, >= 6 on bars)",165,400.0,-0.018,39.4,1.053,-1390.0,-9.4,0.6448,2,4,-0.018,,165,0,-0.0062,-0.0392,-0.0127,156,0.1317,157,-13 / -918 / +93 / +1238 / . / . / . / .,-0.09 / -0.09 / -0.02 / +0.15 / . / . / . / .
C13,"Connors RSI (3, 2, 100) out of the extreme + 200 SMA",757,-5808.0,-0.2637,35.7,0.744,-5930.0,-202.3,1.0,0,4,-0.2637,,757,0,-0.2649,-0.2622,-0.2819,1184,-0.145,263,-312 / -3808 / -250 / -1438 / . / . / . / .,-0.49 / -0.41 / -0.10 / -0.16 / . / . / . / .
C15,VWAP (09:30 anchor) trend-day first pullback,402,-1570.0,-0.1032,34.3,0.867,-1848.0,-45.3,0.9579,0,4,-0.1032,,402,0,-0.0825,-0.1295,-0.074,493,-0.1006,342,-462 / -304 / -106 / -699 / . / . / . / .,-0.29 / -0.00 / -0.09 / -0.08 / . / . / . / .
C17,NQ 1-minute 9/20/50 EMA pullback,8074,-20232.0,-0.2041,34.3,0.85,-20371.0,-1657.2,1.0,0,4,-0.2041,,8074,0,-0.2292,-0.1751,-0.2091,8686,-0.2088,7262,-3369 / -4743 / -7385 / -4735 / . / . / . / .,-0.45 / -0.14 / -0.24 / -0.11 / . / . / . / .
C19a,TRADING RUSH Ichimoku cross above the cloud + EMA200,862,2180.0,0.0359,49.0,1.04,-4814.0,-21.5,0.1323,3,4,0.0359,,862,0,0.0712,-0.0025,0.0015,1092,0.0689,463,+131 / +2896 / -1056 / +208 / . / . / . / .,+0.06 / +0.04 / +0.03 / +0.03 / . / . / . / .
C19b,"TRADING RUSH Keltner (20, 2 x ATR10) open-and-close outside + EMA200",815,11920.0,0.0912,52.1,1.21,-2658.0,-10.8,0.0034,4,4,0.0912,,815,0,0.1238,0.061,0.0651,1128,0.0854,409,+562 / +197 / +1587 / +9574 / . / . / . / .,+0.05 / +0.07 / +0.04 / +0.18 / . / . / . / .
C19c,TRADING RUSH DMI(14) +DI / -DI cross + EMA200,1353,-5001.0,-0.0155,44.8,0.934,-8334.0,-55.5,0.6946,2,4,-0.0155,,1353,0,0.0223,-0.0637,-0.0417,1979,-0.005,647,+540 / -2998 / -2558 / +16 / . / . / . / .,-0.04 / -0.05 / -0.02 / +0.03 / . / . / . / .
C19d,"TRADING RUSH Stochastic(14,3,3) cross under 20 / over 80 + EMA200",753,-1342.0,-0.1219,41.0,0.924,-2326.0,-96.6,0.9974,2,4,-0.1219,,753,0,-0.1356,-0.1136,-0.102,1476,-0.158,162,-491 / -1502 / +44 / +608 / . / . / . / .,-0.31 / -0.21 / +0.00 / -0.00 / . / . / . / .
C19e,TRADING RUSH RSI(14) back above 30 / below 70 + EMA200,101,-2331.0,-0.1421,38.6,0.601,-2652.0,-19.5,0.8952,0,4,-0.1421,,101,0,-0.1054,-0.233,-0.2456,151,-0.1089,107,-54 / -370 / -502 / -1404 / . / . / . / .,-0.15 / -0.15 / -0.28 / +0.01 / . / . / . / .
D03,Stacked-imbalance pullback (ATAS),781,-3126.0,-1.2716,19.8,0.124,-3126.0,-993.1,1.0,0,4,-1.2716,,781,0,-1.251,-1.2949,-1.2673,1096,-1.2705,429,-249 / -601 / -1022 / -1254 / . / . / . / .,-0.90 / -1.30 / -1.28 / -1.37 / . / . / . / .
D05,"Absorption candle, POC in the wick, delta flip, at a level (Thraxx)",363,-1060.0,-0.1898,33.9,0.801,-1321.0,-82.5,0.9948,0,4,-0.1898,,363,0,-0.2543,-0.1464,-0.1943,353,-0.1959,389,-201 / -244 / -504 / -111 / . / . / . / .,-0.55 / -0.14 / -0.26 / -0.04 / . / . / . / .
D06,Trapped traders (Trader Dale),1178,975.0,-0.0463,35.9,1.019,-3818.0,-96.0,0.8718,2,4,-0.0463,,1178,0,-0.0792,-0.0156,-0.0715,1144,-0.0487,1189,-1350 / -1534 / +2565 / +1294 / . / . / . / .,-0.41 / -0.14 / +0.06 / +0.03 / . / . / . / .
E01,NQ Stats Hour Stats: fade the first breach of the previous hour's high / low to the hour's open,1548,-10644.0,-0.1202,63.8,0.801,-11097.0,-194.5,0.9979,0,4,-0.1202,,1548,0,-0.1621,-0.0708,-0.152,2219,-0.1119,1026,-662 / -2082 / -956 / -6944 / . / . / . / .,-0.16 / -0.15 / -0.06 / -0.13 / . / . / . / .
E02,"NQ Stats IB breaks: at the IB close, with the midpoint / first-extreme bias, target the IB extreme",728,-2464.0,-0.0276,73.4,0.9,-3375.0,-23.9,0.9247,0,4,-0.0276,,728,0,-0.0358,-0.018,-0.0515,747,-0.0597,708,-310 / -1570 / -184 / -400 / . / . / . / .,-0.07 / -0.05 / +0.00 / -0.02 / . / . / . / .
E04,"NQ Stats Noon Curve: at the noon close, with Q2's one-sided break of Q1, stop beyond Q2's other extreme",703,3692.0,-0.0253,43.8,1.101,-3466.0,-51.4,0.6821,3,4,-0.0253,,703,0,0.04,-0.0958,0.0229,716,0.065,657,+384 / -1231 / +12 / +4528 / . / . / . / .,+0.08 / -0.05 / -0.10 / +0.03 / . / . / . / .
E05,"NQ Stats ALN sessions: partial engulf of Asia by London, trade to the London extreme it points to",654,-5156.0,-0.1185,55.7,0.79,-5652.0,-81.1,0.9942,0,4,-0.1185,,654,0,-0.1116,-0.1282,-0.1118,448,-0.0767,271,-407 / -4 / -1321 / -3424 / . / . / . / .,-0.24 / -0.03 / -0.20 / -0.06 / . / . / . / .
E06,"AM TBR: after the first touch of the 08:00 open +/- 0.25 SD, limit at k SD, target the 08:00 open",611,-2893.0,-0.0532,53.5,0.909,-4445.0,-34.6,0.9367,1,4,-0.0532,,611,0,-0.0046,-0.1091,-0.0332,735,-0.0337,494,-258 / -1028 / -1815 / +208 / . / . / . / .,-0.10 / -0.02 / -0.10 / -0.02 / . / . / . / .
E08,"Outside-open reversal: 09:30 open beyond the previous RTH range by >= 0.05 ATR, fade to that level",325,502.0,0.0118,36.9,1.032,-2818.0,-28.8,0.4353,2,4,0.0118,,325,0,-0.1153,0.0843,-0.0065,325,0.0041,325,-524 / +809 / -721 / +938 / . / . / . / .,-0.20 / +0.20 / -0.16 / +0.07 / . / . / . / .
E09,"Noise-area intraday momentum: half-hourly closes beyond open/prior-close x (1 +/- sigma), VWAP trailing exit",817,8610.0,0.1735,39.4,1.242,-1312.0,-28.2,0.0284,3,4,0.1735,,817,0,0.2208,0.1247,0.2095,826,0.1711,771,-456 / +2114 / +2064 / +4888 / . / . / . / .,-0.15 / +0.29 / +0.15 / +0.27 / . / . / . / .
E10a,"First hour continuation: at the 10:29 close, with the side of the 09:30 open, no stop, flat bar",897,5663.0,0.1175,55.0,1.072,-7363.0,-127.9,0.2179,2,4,0.1175,,897,0,0.0971,0.1398,0.0547,894,-0.0021,898,+359 / -3088 / -202 / +8594 / . / . / . / .,+0.10 / -0.10 / -0.03 / +0.49 / . / . / . / .
E10b,"15:00 continuation: at the 14:59 close, with the side of the 09:30 open and of the range middle, stop beyond the open",762,9916.0,0.041,50.1,1.422,-1230.0,-10.7,0.0952,3,4,0.041,,762,0,0.0233,0.0659,0.2686,746,0.0161,757,-256 / +2006 / +2106 / +6058 / . / . / . / .,-0.04 / +0.02 / +0.06 / +0.08 / . / . / . / .
E11,"Larry Williams open +/- 0.25 x previous RTH range, stop orders to 15:00, first to fill, bracket 0.5 W",859,6201.0,0.0326,53.4,1.095,-4117.0,-22.5,0.134,2,4,0.0326,,859,0,0.0571,0.0083,0.0521,874,0.0164,832,+46 / -2516 / -434 / +9105 / . / . / . / .,+0.06 / -0.04 / -0.03 / +0.14 / . / . / . / .
E12,"Larry Williams Oops: open below the previous RTH low, buy stop at that low to 15:00, no stop, flat bar",78,692.0,0.5529,53.8,1.086,-3342.0,-50.7,0.159,2,4,0.5529,,78,0,0.5529,,0.1896,61,0.5285,46,+182 / +2644 / -1878 / -254 / . / . / . / .,+1.15 / +4.14 / -1.48 / -0.04 / . / . / . / .
E13,"Crabel stretch after a 2-day narrow range: stop orders at the open +/- stretch, other level is the stop, BE after 60 min",60,82.0,0.1072,26.7,1.029,-1576.0,-6.7,0.1946,2,4,0.1072,,60,0,0.1808,0.0384,0.1233,63,0.1093,58,+366 / +632 / -4 / -910 / . / . / . / .,+0.89 / +0.15 / +0.01 / -0.23 / . / . / . / .
E15,"Camarilla pivots: S3 / R3 rejection and R4 / S4 breakout, four set-ups pooled",1440,14269.0,0.0508,49.4,1.179,-2653.0,-20.3,0.0238,3,4,0.0508,,1440,0,0.0784,0.0232,0.0576,1430,0.0283,1372,-47 / +2888 / +2808 / +8619 / . / . / . / .,+0.00 / +0.05 / +0.05 / +0.08 / . / . / . / .
E19,"Turnaround Tuesday, cash session: down Monday -> long Tuesday 09:30 open to the flat bar",78,-722.0,-0.1029,48.7,0.927,-3214.0,-50.3,0.5603,3,4,-0.1029,,78,0,-0.1029,,0.3166,45,0.454,404,+446 / +44 / +735 / -1947 / . / . / . / .,+1.56 / -0.22 / +0.34 / -1.22 / . / . / . / .
E20,"Turn of the month, cash sessions: long 09:30 open to the flat bar on the last N and first M trading days",298,-361.0,-0.1645,53.0,0.99,-5751.0,-100.7,0.6658,2,4,-0.1645,,298,0,-0.1645,,0.0609,213,0.0865,383,-994 / +3251 / -3108 / +490 / . / . / . / .,-0.94 / +0.76 / -0.73 / -0.10 / . / . / . / .
