id,name,n,net,R,win,pf,dd,dd_R,p,years_pos,years,R_h1,R_h2,n_h1,n_h2,R_long,R_short,R_nb1,n_nb1,R_nb2,n_nb2,by_year_net
T01,TRADING RUSH RSI(14) crosses 50 + EMA200,1742,-4820.0,-0.0175,43.7,0.943,-7953.0,-70.0,0.7386,1,4,-0.0175,,1742,0,0.0328,-0.0709,-0.0502,2599,0.0217,785,+110 / -2622 / -956 / -1352 / . / . / . / .
T02,"TRADING RUSH Awesome Oscillator (5, 34) zero cross + EMA200",936,5908.0,0.0603,49.9,1.102,-2688.0,-15.3,0.0409,4,4,0.0603,,936,0,0.0896,0.0286,0.0141,1315,0.0448,506,+176 / +1050 / +97 / +4586 / . / . / . / .
T03,TRADING RUSH Awesome Oscillator third rising bar below zero + EMA200,777,4830.0,0.0513,49.0,1.13,-3095.0,-23.4,0.0983,3,4,0.0513,,777,0,0.0557,0.0463,-0.0166,1370,0.0152,341,+276 / +116 / -606 / +5045 / . / . / . / .
T04,TRADING RUSH CMO(9) crosses -50 / +50 + EMA200,1162,-5422.0,-0.1332,39.6,0.861,-5944.0,-171.4,0.9999,0,4,-0.1332,,1162,0,-0.0536,-0.2078,-0.1591,2077,-0.0313,367,-894 / -1871 / -723 / -1934 / . / . / . / .
T05,TRADING RUSH CMO(9) zero cross + EMA200,2058,-3403.0,0.0035,44.7,0.968,-9200.0,-65.4,0.4447,2,4,0.0035,,2058,0,0.0135,-0.0076,-0.0242,3021,0.0459,938,+192 / -595 / -3195 / +196 / . / . / . / .
T06,TRADING RUSH Williams %R(14) crosses -80 / -20 + EMA200,2106,-2828.0,-0.0715,41.2,0.958,-6594.0,-202.4,0.9968,1,4,-0.0715,,2106,0,-0.0716,-0.0713,-0.0772,3625,-0.0064,688,-772 / -3508 / -1826 / +3278 / . / . / . / .
T07,TRADING RUSH TRIX(18) zero cross + EMA200,692,5974.0,0.0699,49.9,1.134,-3408.0,-11.5,0.0342,3,4,0.0699,,692,0,0.1055,0.03,0.031,948,0.037,351,+486 / -125 / +3004 / +2610 / . / . / . / .
T08,"TRADING RUSH PPO(12, 26) zero cross + EMA200",811,4340.0,0.0775,51.2,1.079,-3319.0,-14.0,0.0162,3,4,0.0775,,811,0,0.0891,0.0646,0.0613,1095,0.0485,442,+918 / -1142 / +496 / +4068 / . / . / . / .
T09,TRADING RUSH Fisher Transform(9) crosses its trigger below zero + EMA200,2040,336.0,-0.0248,43.2,1.004,-4384.0,-97.9,0.8301,2,4,-0.0248,,2040,0,0.0167,-0.0672,-0.062,3394,0.0696,758,-560 / +1188 / -376 / +86 / . / . / . / .
T10,TRADING RUSH RVI(10) crosses its signal below zero + EMA200,1752,-113.0,-0.045,43.7,0.998,-5402.0,-134.6,0.9453,2,4,-0.045,,1752,0,0.0069,-0.1009,-0.0761,2916,0.0718,632,-644 / +904 / -4162 / +3789 / . / . / . / .
T11,TRADING RUSH RVI(10) crosses its signal above zero + EMA200,1269,7878.0,0.0442,47.8,1.109,-3078.0,-23.8,0.0672,3,4,0.0442,,1269,0,0.0842,-0.0021,-0.0109,1700,0.0184,582,+702 / +2692 / -1022 / +5504 / . / . / . / .
T12,TRADING RUSH Chaikin Money Flow(20) zero cross + EMA200,1642,175.0,-0.0091,45.0,1.002,-6750.0,-70.1,0.6231,3,4,-0.0091,,1642,0,0.0073,-0.0263,-0.0445,2245,0.0424,709,+1124 / +1318 / -3138 / +871 / . / . / . / .
T13,"TRADING RUSH Chaikin Oscillator (3, 10) zero cross + EMA200",1797,132.0,0.0204,45.3,1.001,-4875.0,-38.7,0.2187,2,4,0.0204,,1797,0,0.0377,0.0018,-0.0337,2664,0.0343,861,+1168 / -421 / +142 / -756 / . / . / . / .
T14,TRADING RUSH Williams fractal breakout (close beyond the latest confirmed fractal) + EMA200,1665,1414.0,0.0165,46.5,1.013,-6428.0,-49.8,0.2563,2,4,0.0165,,1665,0,0.0725,-0.0436,-0.0089,1972,0.0504,930,-314 / +1692 / -2441 / +2476 / . / . / . / .
T15,"TRADING RUSH Schaff Trend Cycle (10, 23, 50) crosses 25 / 75 + EMA200",1334,581.0,0.0391,47.0,1.007,-6472.0,-54.2,0.0882,3,4,0.0391,,1334,0,0.0615,0.0134,0.0235,1800,0.0194,628,+616 / +334 / -3875 / +3506 / . / . / . / .
T16,TRADING RUSH SMA50 crosses SMA200 + EMA200,428,-1891.0,-0.0597,42.3,0.92,-4492.0,-40.3,0.8735,1,4,-0.0597,,428,0,0.0414,-0.1405,-0.0696,588,0.1533,118,-168 / -718 / -1348 / +343 / . / . / . / .
T17,"TRADING RUSH WMA50 crosses WMA200, stop at WMA200 + EMA200",574,1545.0,0.015,45.8,1.051,-2912.0,-20.8,0.3699,2,4,0.015,,574,0,0.1101,-0.0757,-0.0164,787,0.1435,216,-44 / -1390 / +648 / +2330 / . / . / . / .
T18,TRADING RUSH DEMA50 crosses DEMA200 + EMA200,551,-1512.0,0.0031,48.8,0.96,-5226.0,-27.4,0.4732,3,4,0.0031,,551,0,0.0333,-0.03,0.0054,767,0.1328,236,+550 / -3848 / +928 / +859 / . / . / . / .
T19,TRADING RUSH TEMA50 crosses TEMA200 + EMA200,603,3957.0,0.0399,50.7,1.102,-4642.0,-14.4,0.1571,3,4,0.0399,,603,0,0.0515,0.0245,0.0536,799,0.1122,253,+500 / -1078 / +3790 / +744 / . / . / . / .
T20,TRADING RUSH Hull MA(100) crosses SMA200 + EMA200,510,830.0,-0.0271,44.7,1.029,-3046.0,-38.9,0.7249,3,4,-0.0271,,510,0,-0.0093,-0.0434,-0.0571,724,0.059,194,+360 / -867 / +165 / +1172 / . / . / . / .
T21,TRADING RUSH McGinley Dynamic(9) crosses McGinley Dynamic(21) + EMA200,709,1907.0,0.0582,49.9,1.038,-3024.0,-19.6,0.0609,3,4,0.0582,,709,0,0.0954,0.0162,0.0594,921,0.0738,371,+892 / -2540 / +2147 / +1408 / . / . / . / .
T22,TRADING RUSH open-and-close outside the SMA20 high / low channel + EMA200,1571,-7600.0,-0.0047,45.0,0.925,-12620.0,-74.0,0.5735,1,4,-0.0047,,1571,0,0.0343,-0.0469,-0.0098,2115,0.0313,792,+1024 / -3078 / -3580 / -1965 / . / . / . / .
T23,"TRADING RUSH RSI crosses 70 / 30 with ADX >= 25, stop at EMA21 + EMA200",856,-372.0,0.0248,45.0,0.993,-3979.0,-24.8,0.2616,2,4,0.0248,,856,0,0.0917,-0.0317,0.0331,1134,0.0891,411,+328 / -1752 / -16 / +1070 / . / . / . / .
T24,TRADING RUSH close crosses the Bollinger middle after RSI < 30 / > 70 + EMA200,196,2158.0,0.0886,49.5,1.158,-2206.0,-13.0,0.1231,2,4,0.0886,,196,0,0.1242,0.023,-0.0165,216,-0.0004,129,+191 / -422 / -238 / +2628 / . / . / . / .
T25,TRADING RUSH RSI crosses 70 / 30 with a green / red Ichimoku cloud + EMA200,625,1022.0,0.0179,47.2,1.024,-3210.0,-18.7,0.3276,3,4,0.0179,,625,0,0.0651,-0.0336,0.0383,815,0.0723,310,+694 / -1024 / +70 / +1281 / . / . / . / .
T26,TRADING RUSH Know Sure Thing crosses its signal on the far side of zero + EMA200,634,7384.0,0.1047,50.8,1.204,-2056.0,-11.7,0.0068,4,4,0.1047,,634,0,0.1796,0.0149,0.0704,991,0.0731,298,+927 / +3492 / +1672 / +1292 / . / . / . / .
T27,"TRADING RUSH RSI crosses 70 / 30 with Supertrend, stop at the Supertrend line (no EMA200)",1100,2766.0,0.0626,48.6,1.036,-5690.0,-21.3,0.0222,3,4,0.0626,,1100,0,0.083,0.0445,0.0454,1365,0.0661,615,+1491 / -5032 / +2552 / +3754 / . / . / . / .
T28,TRADING RUSH MACD crosses its signal with Supertrend + EMA200,1025,-2098.0,-0.0003,45.1,0.966,-6935.0,-49.2,0.5013,2,4,-0.0003,,1025,0,0.0199,-0.0223,0.0096,1386,0.0515,416,+912 / -3140 / -1570 / +1699 / . / . / . / .
T29,"TRADING RUSH MACD crosses its signal after Stochastic < 20 / > 80, bar clear of EMA200",622,8935.0,0.134,50.0,1.273,-4330.0,-21.6,0.0009,3,4,0.134,,622,0,0.1722,0.0955,0.076,1040,-0.0061,236,+436 / +5694 / -1245 / +4050 / . / . / . / .
