date,entry_time,side,O,A,manip,ext,signal_t,target,be_level,stop,fill,entry,risk,exit_time,exit,reason,pnl,R,match,on_ratio
2019-06-04,2019-06-04 10:10:00-04:00,L,7039.75,11.68469808206649,down,7032.5,2019-06-04 10:02:00-04:00,7067.5,,7034.5,7040.0,7040.25,5.5,2019-06-04 10:22:00-04:00,7067.25,TP,52.0,4.7272727272727275,True,
2020-02-12,2020-02-12 10:20:00-05:00,S,9582.0,9.60798427724026,up,9590.75,2020-02-12 10:04:00-05:00,9561.0,,9585.3,9581.25,9581.0,4.05,2020-02-12 11:04:00-05:00,9585.55,SL,-11.099999999998545,-1.3703703703701908,True,0.8291032148900169
2020-04-23,2020-04-23 10:15:00-04:00,S,8722.75,16.38766416300103,up,8736.0,2020-04-23 10:03:00-04:00,8661.75,,8730.75,8719.25,8719.0,11.5,2020-04-23 10:17:00-04:00,8731.0,SL,-26.0,-1.1304347826086956,True,0.5581675708257987
2020-07-06,2020-07-06 10:12:00-04:00,S,10519.25,11.019114317867741,up,10543.0,2020-07-06 10:07:00-04:00,10476.0,,10521.9,10514.25,10514.0,7.65,2020-07-06 10:13:00-04:00,10522.15,SL,-18.299999999999272,-1.1960784313725015,True,1.2788732394366198
2020-07-30,2020-07-30 10:15:00-04:00,L,10543.5,24.190674130854077,down,10521.25,2020-07-30 10:02:00-04:00,10621.25,,10539.05,10552.75,10553.0,13.7,2020-07-30 10:18:00-04:00,10538.8,SL,-30.400000000001455,-1.1094890510949438,True,1.499531396438613
2020-08-05,2020-08-05 10:03:00-04:00,S,11109.0,14.331840062245593,up,11118.0,2020-08-05 10:01:00-04:00,11065.0,,11116.0,11107.5,11107.25,8.5,2020-08-05 10:07:00-04:00,11116.25,SL,-20.0,-1.1764705882352942,True,0.673058485139022
2020-09-24,2020-09-24 10:42:00-04:00,S,10835.75,35.50012605871228,up,10936.5,2020-09-24 10:31:00-04:00,10704.0,,10845.9,10822.25,10822.0,23.65,2020-09-24 10:46:00-04:00,10846.15,SL,-50.29999999999927,-1.063424947145862,True,1.0243572395128553
2020-10-12,2020-10-12 10:05:00-04:00,L,11887.75,20.4824245197662,down,11868.0,2020-10-12 10:03:00-04:00,11945.75,,11888.15,11897.75,11898.0,9.6,2020-10-12 10:09:00-04:00,11887.9,SL,-22.200000000000728,-1.156250000000038,True,1.4303112313937754
2020-10-23,2020-10-23 10:20:00-04:00,L,11614.5,15.794884723137887,down,11568.75,2020-10-23 10:19:00-04:00,11682.5,11629.0,11604.2,11617.25,11617.5,13.05,2020-10-23 10:23:00-04:00,11603.95,SL,-29.099999999998545,-1.1149425287355763,True,0.5732586068855084
2020-12-14,2020-12-14 10:06:00-05:00,S,12519.75,13.983854624793796,up,12530.0,2020-12-14 10:02:00-05:00,12486.0,,12522.0,12516.0,12515.75,6.0,2020-12-14 10:07:00-05:00,12522.25,SL,-15.0,-1.25,True,0.6753246753246753
2020-12-18,2020-12-18 10:20:00-05:00,L,12725.25,12.414594312970678,down,12682.5,2020-12-18 10:19:00-05:00,12765.75,,12717.45,12725.5,12725.75,8.05,2020-12-18 10:22:00-05:00,12717.2,SL,-19.099999999998545,-1.1863354037266176,True,0.8952380952380953
2021-01-05,2021-01-05 10:18:00-05:00,S,12751.25,18.538081135762813,up,12772.5,2021-01-05 10:02:00-05:00,12639.25,,12769.45,12747.75,12747.5,21.7,2021-01-05 14:01:00-05:00,12769.7,SL,-46.400000000001455,-1.0691244239631672,True,1.45
2021-01-12,2021-01-12 10:12:00-05:00,L,12890.75,20.396048812343007,down,12865.5,2021-01-12 10:11:00-05:00,12947.5,,12883.9,12894.5,12894.75,10.6,2021-01-12 10:13:00-05:00,12883.65,SL,-24.200000000000728,-1.1415094339622984,True,0.8217054263565892
2021-01-18,2021-01-18 10:09:00-05:00,S,12810.75,6.879567989100074,up,12815.0,2021-01-18 10:04:00-05:00,12784.25,,12815.45,12810.25,12810.0,5.2,2021-01-18 12:50:00-05:00,12812.0,time,-6.0,-0.5769230769230769,True,0.8407494145199064
2021-01-26,2021-01-26 10:18:00-05:00,S,13477.5,17.89030847084726,up,13507.0,2021-01-26 10:11:00-05:00,13426.5,,13470.9,13463.5,13463.25,7.4,2021-01-26 10:21:00-05:00,13471.15,SL,-17.799999999999272,-1.2027027027026536,False,1.0580204778156996
2021-03-11,2021-03-11 10:26:00-05:00,S,12965.25,28.86182036293147,up,13005.5,2021-03-11 10:18:00-05:00,12896.25,,12975.75,12962.5,12962.25,13.25,2021-03-11 10:30:00-05:00,12976.0,SL,-29.5,-1.1132075471698113,True,1.4385749385749387
2021-03-22,2021-03-22 10:09:00-04:00,S,13008.0,18.155077977755887,up,13026.75,2021-03-22 10:02:00-04:00,12946.25,,13014.95,13003.5,13003.25,11.45,2021-03-22 10:10:00-04:00,13015.2,SL,-25.900000000001455,-1.1310043668122907,True,0.6529080675422139
2021-05-17,2021-05-17 10:30:00-04:00,L,13285.75,20.961297198790287,down,13238.0,2021-05-17 10:19:00-04:00,13343.0,,13282.4,13292.5,13292.75,10.1,2021-05-17 10:31:00-04:00,13282.15,SL,-23.200000000000728,-1.1485148514851846,True,1.298283261802575
2021-06-08,2021-06-08 10:15:00-04:00,L,13839.75,17.325385317757075,down,13822.5,2021-06-08 10:08:00-04:00,13916.75,,13824.95,13840.25,13840.5,15.3,2021-06-08 10:30:00-04:00,13824.7,SL,-33.599999999998545,-1.0980392156862269,True,0.7726879861711322
2021-06-23,2021-06-23 10:07:00-04:00,S,14305.5,13.984216034625394,up,14316.75,2021-06-23 10:02:00-04:00,14268.75,,14306.55,14300.25,14300.0,6.3,2021-06-23 10:08:00-04:00,14306.8,SL,-15.599999999998545,-1.2380952380951227,True,0.7734375
2021-06-25,2021-06-25 10:15:00-04:00,L,14341.5,13.602688445014978,down,14323.5,2021-06-25 10:04:00-04:00,14388.0,,14334.3,14343.25,14343.5,8.95,2021-06-25 11:03:00-04:00,14334.05,SL,-20.900000000001455,-1.16759776536321,True,0.6702702702702703
2021-07-26,2021-07-26 10:14:00-04:00,S,15099.25,13.252886953423284,up,15117.25,2021-07-26 10:12:00-04:00,15040.25,,15108.35,15097.0,15096.75,11.35,2021-07-26 10:32:00-04:00,15108.6,SL,-25.700000000000728,-1.1321585903084022,True,0.9024081115335868
2021-07-30,2021-07-30 10:21:00-04:00,S,14948.0,17.670041937422518,up,14979.75,2021-07-30 10:20:00-04:00,14851.5,,14963.7,14945.0,14944.75,18.7,2021-07-30 12:19:00-04:00,14963.95,SL,-40.400000000001455,-1.0802139037433545,True,1.2699619771863118
2021-09-06,2021-09-06 10:47:00-04:00,S,15702.75,3.10546011604442,up,15707.5,2021-09-06 10:27:00-04:00,15686.5,,15705.7,15702.5,15702.25,3.2,2021-09-06 12:50:00-04:00,15700.75,time,1.0,0.15625,True,0.9238754325259516
2021-11-16,2021-11-16 10:35:00-05:00,S,16224.5,19.578070306350664,up,16260.25,2021-11-16 10:24:00-05:00,16149.0,16205.75,16235.4,16221.0,16220.75,14.4,2021-11-16 10:40:00-05:00,16235.65,SL,-31.799999999999272,-1.1041666666666414,True,0.9478138222849083
2021-12-22,2021-12-22 10:16:00-05:00,S,16005.75,25.15020848286647,up,16027.0,2021-12-22 10:02:00-05:00,15943.5,,16017.3,16005.0,16004.75,12.3,2021-12-22 10:17:00-05:00,16017.55,SL,-27.599999999998545,-1.121951219512136,True,0.5564466378778532
2022-03-31,2022-03-31 10:17:00-04:00,L,15026.25,23.79216015667883,down,14966.0,2022-03-31 10:15:00-04:00,15096.5,,15017.6,15030.75,15031.0,13.15,2022-03-31 10:22:00-04:00,15017.35,SL,-29.299999999999272,-1.1140684410646111,True,0.4954337899543379
2022-04-18,2022-04-18 11:28:00-04:00,L,13866.25,28.642964969043707,down,13835.5,2022-04-18 10:02:00-04:00,13932.75,,13861.65,13873.5,13873.75,11.85,2022-04-18 11:33:00-04:00,13861.4,SL,-26.700000000000728,-1.1265822784810433,False,1.0970954356846474
2022-05-03,2022-05-03 11:07:00-04:00,S,13111.75,37.09059246205019,up,13152.0,2022-05-03 10:08:00-04:00,12968.0,,13136.9,13108.75,13108.5,28.15,2022-05-03 11:09:00-04:00,13137.15,SL,-59.29999999999927,-1.0532859680284063,True,0.9454545454545454
2022-07-11,2022-07-11 10:10:00-04:00,L,11884.75,25.439149215118082,down,11853.0,2022-07-11 10:08:00-04:00,12070.75,,11860.15,11895.25,11895.5,35.1,2022-07-11 15:54:00-04:00,11859.9,SL,-73.20000000000073,-1.042735042735053,True,0.836963696369637
2022-09-15,2022-09-15 10:08:00-04:00,S,12204.25,25.85041562580674,up,12233.25,2022-09-15 10:04:00-04:00,12110.5,12184.75,12213.7,12196.5,12196.25,17.2,2022-09-15 10:11:00-04:00,12196.75,BE,-3.0,-0.0872093023255814,True,0.9204545454545454
2022-09-26,2022-09-26 10:05:00-04:00,S,11491.5,29.764539514047925,up,11519.75,2022-09-26 10:04:00-04:00,11417.25,,11494.95,11482.0,11481.75,12.95,2022-09-26 10:06:00-04:00,11495.2,SL,-28.900000000001455,-1.115830115830172,True,1.056573705179283
2022-10-11,2022-10-11 10:20:00-04:00,L,10823.5,24.72301857487224,down,10788.5,2022-10-11 10:14:00-04:00,10897.25,,10809.05,10823.75,10824.0,14.7,2022-10-11 10:31:00-04:00,10808.8,SL,-32.400000000001455,-1.1020408163265802,True,0.8961611076148521
2022-10-17,2022-10-17 10:50:00-04:00,S,11074.0,27.17151800987558,up,11090.0,2022-10-17 10:02:00-04:00,10963.5,,11094.6,11072.75,11072.5,21.85,2022-10-17 11:30:00-04:00,11094.85,SL,-46.70000000000073,-1.0686498855835407,True,1.4010507880910683
2022-12-07,2022-12-07 10:10:00-05:00,L,11471.75,27.666424291330568,down,11440.25,2022-12-07 10:03:00-05:00,11596.0,,11450.5,11474.75,11475.0,24.25,2022-12-07 15:59:00-05:00,11507.5,time,63.0,1.2989690721649485,True,1.259799453053783
2023-01-23,2023-01-23 10:07:00-05:00,S,11801.0,21.427570392408835,up,11827.0,2023-01-23 10:06:00-05:00,11671.75,,11825.95,11800.25,11800.0,25.7,2023-01-23 10:12:00-05:00,11826.2,SL,-54.400000000001455,-1.0583657587548922,True,0.5386029411764706
2023-04-04,2023-04-04 10:40:00-04:00,S,13281.0,14.316255136818453,up,13326.75,2023-04-04 10:21:00-04:00,13230.0,,13278.0,13270.0,13269.75,8.0,2023-04-04 10:44:00-04:00,13278.25,SL,-19.0,-1.1875,False,0.8974358974358975
2023-06-22,2023-06-22 10:05:00-04:00,S,15083.75,19.20367957519512,up,15098.75,2023-06-22 10:02:00-04:00,14964.0,,15093.9,15072.25,15072.0,21.65,2023-06-22 10:11:00-04:00,15094.15,SL,-46.29999999999927,-1.0692840646651103,True,0.8788249694002448
2023-07-31,2023-07-31 10:35:00-04:00,L,15827.5,20.068627722897624,down,15807.25,2023-07-31 10:06:00-04:00,15905.0,,15822.2,15836.0,15836.25,13.8,2023-07-31 11:32:00-04:00,15821.95,SL,-30.599999999998545,-1.1086956521738602,True,1.1283783783783783
2023-08-08,2023-08-08 10:06:00-04:00,L,15294.0,19.985330117243976,down,15265.0,2023-08-08 10:05:00-04:00,15388.0,,15278.8,15297.0,15297.25,18.2,2023-08-08 10:10:00-04:00,15278.55,SL,-39.400000000001455,-1.0824175824176225,True,1.4282868525896415
2023-10-25,2023-10-25 10:46:00-04:00,L,14651.25,20.267913898808406,down,14597.0,2023-10-25 10:40:00-04:00,14753.25,,14641.95,14660.5,14660.75,18.55,2023-10-25 10:51:00-04:00,14641.7,SL,-40.099999999998545,-1.0808625336926831,True,1.2029755579171095
2023-11-13,2023-11-13 10:06:00-05:00,L,15490.5,15.077222801289851,down,15478.5,2023-11-13 10:04:00-05:00,15539.0,,15495.8,15503.0,15503.25,7.2,2023-11-13 10:07:00-05:00,15495.55,SL,-17.400000000001455,-1.2083333333334343,True,0.7546391752577319
2024-02-09,2024-02-09 10:11:00-05:00,S,17940.25,16.830251258274927,up,17954.0,2024-02-09 10:02:00-05:00,17896.25,,17939.15,17932.0,17931.75,7.15,2024-02-09 10:14:00-05:00,17939.4,SL,-17.30000000000291,-1.2097902097904132,True,0.8748858447488584
2024-07-23,2024-07-23 10:11:00-04:00,S,20006.5,25.381013569261974,up,20024.0,2024-07-23 10:02:00-04:00,19933.25,,20020.85,20006.25,20006.0,14.6,2024-07-23 10:19:00-04:00,20021.1,SL,-32.19999999999709,-1.1027397260272975,True,1.1195445920303606
2024-08-21,2024-08-21 10:18:00-04:00,S,19879.5,16.956198959560105,up,19915.0,2024-08-21 10:15:00-04:00,19813.25,,19891.85,19878.75,19878.5,13.1,2024-08-21 10:19:00-04:00,19892.1,SL,-29.19999999999709,-1.1145038167937822,True,0.33075734157650694
2025-02-20,2025-02-20 10:07:00-05:00,L,22011.0,28.6501896814031,down,21950.75,2025-02-20 10:04:00-05:00,22213.5,,21977.4,22016.75,22017.0,39.35,2025-02-20 10:59:00-05:00,21977.15,SL,-81.69999999999709,-1.0381194409148295,True,0.5749049429657794
2025-07-10,2025-07-10 10:19:00-04:00,L,22960.0,22.129258361657527,down,22901.0,2025-07-10 10:18:00-04:00,23089.75,,22938.85,22964.0,22964.25,25.15,2025-07-10 10:20:00-04:00,22938.6,SL,-53.30000000000291,-1.059642147117354,True,0.5594405594405595
2025-08-15,2025-08-15 10:48:00-04:00,L,23803.75,24.836077614319944,down,23766.0,2025-08-15 10:02:00-04:00,23924.25,,23785.35,23808.5,23808.75,23.15,2025-08-15 11:39:00-04:00,23785.1,SL,-49.30000000000291,-1.0647948164147498,True,0.8111111111111111
2025-10-10,2025-10-10 10:25:00-04:00,S,25357.25,21.779307553691464,up,25371.25,2025-10-10 10:02:00-04:00,25293.75,,25357.95,25347.25,25347.0,10.7,2025-10-10 10:48:00-04:00,25358.2,SL,-24.400000000001455,-1.1401869158879185,True,0.8349900596421471
2025-11-13,2025-11-13 10:06:00-05:00,S,25382.0,45.76246818758924,up,25413.75,2025-11-13 10:02:00-05:00,25280.75,,25396.25,25377.0,25376.75,19.25,2025-11-13 10:07:00-05:00,25396.5,SL,-41.5,-1.077922077922078,False,1.4072259644825476
2026-02-04,2026-02-04 10:13:00-05:00,L,25196.75,56.86080915082721,down,25107.75,2026-02-04 10:08:00-05:00,25386.25,,25197.85,25229.25,25229.5,31.4,2026-02-04 10:14:00-05:00,25197.6,SL,-65.80000000000291,-1.047770700636989,True,0.831140350877193
2026-02-12,2026-02-12 10:06:00-05:00,L,25208.25,38.61283367240177,down,25178.25,2026-02-12 10:02:00-05:00,25393.75,,25205.05,25236.5,25236.75,31.45,2026-02-12 10:08:00-05:00,25204.8,SL,-65.90000000000146,-1.0476947535771297,True,0.7688172043010753
2026-02-19,2026-02-19 10:12:00-05:00,L,24880.25,41.607125249246685,down,24842.25,2026-02-19 10:02:00-05:00,24972.0,,24864.0,24882.0,24882.25,18.0,2026-02-19 10:21:00-05:00,24863.75,SL,-39.0,-1.0833333333333333,False,1.029940119760479
2026-03-13,2026-03-13 10:05:00-04:00,S,24728.0,44.16953104110983,up,24765.5,2026-03-13 10:03:00-04:00,24611.0,,24718.4,24700.5,24700.25,17.9,2026-03-13 10:06:00-04:00,24718.65,SL,-38.80000000000291,-1.0837988826816456,True,1.2486136783733826
2026-04-16,2026-04-16 10:18:00-04:00,L,26321.25,35.191987531379255,down,26288.75,2026-04-16 10:04:00-04:00,26453.5,,26316.7,26339.5,26339.75,22.8,2026-04-16 10:20:00-04:00,26316.45,SL,-48.599999999998545,-1.0657894736841786,True,0.4152173913043478
2026-09-14,2026-09-14 10:30:00-04:00,S,29003.25,37.68964008413791,up,29088.5,2026-09-14 10:26:00-04:00,28880.5,,29018.2,28995.25,28995.0,22.95,2026-09-14 10:34:00-04:00,29018.45,SL,-48.900000000001455,-1.0653594771242147,True,1.150561797752809
