sig_time,entry_time,exit_time,side,entry,exit,stop,risk_pts,pnl,R,reason,parts,tag
2019-06-21 10:59:00-04:00,2019-06-21 10:59:00-04:00,2019-06-21 15:59:00-04:00,L,7774.25,7755.5,7732.75,41.5,-39.5,-0.4759036144578313,time,1,L
2019-06-24 14:29:00-04:00,2019-06-24 14:29:00-04:00,2019-06-24 15:59:00-04:00,S,7755.75,7753.25,7774.75,19.0,3.0,0.07894736842105263,time,1,S
2019-06-25 11:44:00-04:00,2019-06-25 11:44:00-04:00,2019-06-25 15:59:00-04:00,S,7690.0,7622.0,7757.25,67.25,134.0,0.9962825278810409,time,1,S
2019-06-27 10:14:00-04:00,2019-06-27 10:14:00-04:00,2019-06-27 11:30:00-04:00,L,7692.25,7664.25,7664.5,27.75,-58.0,-1.045045045045045,SL,1,L
2019-06-27 11:44:00-04:00,2019-06-27 11:44:00-04:00,2019-06-27 15:59:00-04:00,S,7671.5,7683.75,7702.0,30.5,-26.5,-0.4344262295081967,time,1,S
2019-06-28 12:29:00-04:00,2019-06-28 12:29:00-04:00,2019-06-28 15:59:00-04:00,L,7704.0,7693.0,7664.0,40.0,-24.0,-0.3,time,1,L
2019-07-03 11:59:00-04:00,2019-07-03 11:59:00-04:00,2019-07-03 13:04:00-04:00,L,7869.5,7886.5,7835.0,34.5,32.0,0.463768115942029,time,1,L
2019-07-11 14:29:00-04:00,2019-07-11 14:29:00-04:00,2019-07-11 15:59:00-04:00,S,7901.5,7919.75,7958.0,56.5,-38.5,-0.3407079646017699,time,1,S
2019-07-12 13:14:00-04:00,2019-07-12 13:14:00-04:00,2019-07-12 15:59:00-04:00,L,7951.25,7965.25,7920.0,31.25,26.0,0.416,time,1,L
2019-07-18 14:29:00-04:00,2019-07-18 14:29:00-04:00,2019-07-18 15:59:00-04:00,L,7906.75,7920.5,7846.0,60.75,25.5,0.20987654320987653,time,1,L
2019-07-19 11:44:00-04:00,2019-07-19 11:44:00-04:00,2019-07-19 15:59:00-04:00,S,7905.5,7853.5,7980.75,75.25,102.0,0.6777408637873754,time,1,S
2019-07-23 14:29:00-04:00,2019-07-23 14:29:00-04:00,2019-07-23 15:59:00-04:00,L,7953.25,7970.0,7908.0,45.25,31.5,0.34806629834254144,time,1,L
2019-07-25 10:29:00-04:00,2019-07-25 10:29:00-04:00,2019-07-25 15:59:00-04:00,S,7956.0,7946.75,8034.5,78.5,16.5,0.10509554140127389,time,1,S
2019-07-29 10:14:00-04:00,2019-07-29 10:14:00-04:00,2019-07-29 15:59:00-04:00,S,7957.5,8002.5,8032.0,74.5,-92.0,-0.6174496644295302,time,1,S
2019-08-01 11:44:00-04:00,2019-08-01 11:44:00-04:00,2019-08-01 13:40:00-04:00,L,8009.5,7859.5,7859.75,149.75,-302.0,-1.008347245409015,SL,1,L
2019-08-02 11:29:00-04:00,2019-08-02 11:29:00-04:00,2019-08-02 15:59:00-04:00,S,7682.75,7701.5,7804.75,122.0,-39.5,-0.16188524590163936,time,1,S
2019-08-06 14:29:00-04:00,2019-08-06 14:29:00-04:00,2019-08-06 15:59:00-04:00,L,7538.0,7527.0,7453.25,84.75,-24.0,-0.1415929203539823,time,1,L
2019-08-09 11:59:00-04:00,2019-08-09 11:59:00-04:00,2019-08-09 15:59:00-04:00,S,7604.75,7656.5,7720.25,115.5,-105.5,-0.45670995670995673,time,1,S
2019-08-12 14:59:00-04:00,2019-08-12 14:59:00-04:00,2019-08-12 15:59:00-04:00,S,7544.5,7570.5,7634.0,89.5,-54.0,-0.3016759776536313,time,1,S
2019-08-16 11:44:00-04:00,2019-08-16 11:44:00-04:00,2019-08-16 15:59:00-04:00,L,7598.75,7612.25,7545.0,53.75,25.0,0.23255813953488372,time,1,L
2019-08-20 14:14:00-04:00,2019-08-20 14:14:00-04:00,2019-08-20 15:59:00-04:00,S,7689.75,7674.25,7732.75,43.0,29.0,0.3372093023255814,time,1,S
2019-08-22 11:59:00-04:00,2019-08-22 11:59:00-04:00,2019-08-22 15:59:00-04:00,S,7683.5,7715.0,7773.75,90.25,-65.0,-0.3601108033240997,time,1,S
2019-08-27 12:14:00-04:00,2019-08-27 12:14:00-04:00,2019-08-27 15:59:00-04:00,S,7575.25,7571.0,7649.0,73.75,6.5,0.04406779661016949,time,1,S
2019-08-28 11:59:00-04:00,2019-08-28 11:59:00-04:00,2019-08-28 15:59:00-04:00,L,7591.25,7593.5,7503.5,87.75,2.5,0.014245014245014245,time,1,L
2019-08-29 12:59:00-04:00,2019-08-29 12:59:00-04:00,2019-08-29 15:59:00-04:00,L,7714.0,7707.25,7651.75,62.25,-15.5,-0.12449799196787148,time,1,L
2019-09-10 09:44:00-04:00,2019-09-10 09:44:00-04:00,2019-09-10 15:59:00-04:00,S,7757.75,7819.5,7821.5,63.75,-125.5,-0.984313725490196,time,1,S
2019-09-12 10:14:00-04:00,2019-09-12 10:14:00-04:00,2019-09-12 15:59:00-04:00,L,7954.5,7920.5,7902.75,51.75,-70.0,-0.6763285024154589,time,1,L
2019-09-20 11:44:00-04:00,2019-09-20 11:44:00-04:00,2019-09-20 15:59:00-04:00,S,7887.75,7839.25,7952.5,64.75,95.0,0.7335907335907336,time,1,S
2019-09-24 12:14:00-04:00,2019-09-24 12:14:00-04:00,2019-09-24 15:59:00-04:00,S,7794.75,7733.25,7894.25,99.5,121.0,0.6080402010050251,time,1,S
2019-09-26 09:44:00-04:00,2019-09-26 09:44:00-04:00,2019-09-26 15:59:00-04:00,S,7784.0,7792.75,7835.75,51.75,-19.5,-0.18840579710144928,time,1,S
2019-10-01 09:44:00-04:00,2019-10-01 09:44:00-04:00,2019-10-01 10:05:00-04:00,L,7833.75,7787.5,7787.75,46.0,-94.5,-1.0271739130434783,SL,1,L
2019-10-01 12:14:00-04:00,2019-10-01 12:14:00-04:00,2019-10-01 15:59:00-04:00,S,7711.5,7701.75,7841.75,130.25,17.5,0.0671785028790787,time,1,S
2019-10-04 10:59:00-04:00,2019-10-04 10:59:00-04:00,2019-10-04 15:59:00-04:00,L,7708.25,7765.25,7616.0,92.25,112.0,0.6070460704607046,time,1,L
2019-10-07 10:14:00-04:00,2019-10-07 10:14:00-04:00,2019-10-07 13:34:00-04:00,L,7753.5,7796.5,7724.25,29.25,84.0,1.435897435897436,TP,1,L
2019-10-09 12:29:00-04:00,2019-10-09 12:29:00-04:00,2019-10-09 15:59:00-04:00,L,7696.75,7701.0,7669.0,27.75,6.5,0.11711711711711711,time,1,L
2019-10-10 09:44:00-04:00,2019-10-10 09:44:00-04:00,2019-10-10 09:58:00-04:00,L,7707.25,7760.25,7671.25,36.0,104.0,1.4444444444444444,TP,1,L
2019-10-15 10:14:00-04:00,2019-10-15 10:14:00-04:00,2019-10-15 15:59:00-04:00,L,7914.25,7952.75,7867.5,46.75,75.0,0.8021390374331551,time,1,L
2019-10-18 12:14:00-04:00,2019-10-18 12:14:00-04:00,2019-10-18 15:59:00-04:00,S,7870.25,7875.75,7958.5,88.25,-13.0,-0.07365439093484419,time,1,S
2019-10-21 12:29:00-04:00,2019-10-21 12:29:00-04:00,2019-10-21 15:59:00-04:00,L,7938.25,7946.25,7893.25,45.0,14.0,0.15555555555555556,time,1,L
2019-10-22 12:14:00-04:00,2019-10-22 12:14:00-04:00,2019-10-22 15:59:00-04:00,S,7935.75,7884.75,7988.75,53.0,100.0,0.9433962264150944,time,1,S
2019-10-24 12:29:00-04:00,2019-10-24 12:29:00-04:00,2019-10-24 15:59:00-04:00,L,7956.0,7972.5,7916.5,39.5,31.0,0.3924050632911392,time,1,L
2019-10-25 11:14:00-04:00,2019-10-25 11:14:00-04:00,2019-10-25 15:59:00-04:00,L,8016.25,8035.75,7920.75,95.5,37.0,0.193717277486911,time,1,L
2019-10-29 11:59:00-04:00,2019-10-29 11:59:00-04:00,2019-10-29 15:59:00-04:00,S,8059.5,8054.5,8114.25,54.75,8.0,0.0730593607305936,time,1,S
2019-10-30 13:59:00-04:00,2019-10-30 13:59:00-04:00,2019-10-30 14:14:00-04:00,S,8042.75,8059.0,8058.75,16.0,-34.5,-1.078125,SL,1,S
2019-10-31 11:59:00-04:00,2019-10-31 11:59:00-04:00,2019-10-31 15:59:00-04:00,S,8077.5,8091.0,8118.75,41.25,-29.0,-0.3515151515151515,time,1,S
2019-11-01 10:29:00-04:00,2019-11-01 10:29:00-04:00,2019-11-01 15:59:00-04:00,L,8151.75,8165.0,8094.25,57.5,24.5,0.21304347826086956,time,1,L
2019-11-04 14:59:00-05:00,2019-11-04 14:59:00-05:00,2019-11-04 15:59:00-05:00,L,8222.75,8213.5,8203.5,19.25,-20.5,-0.5324675324675324,time,1,L
2019-11-06 09:44:00-05:00,2019-11-06 09:44:00-05:00,2019-11-06 15:59:00-05:00,S,8195.5,8201.75,8226.0,30.5,-14.5,-0.23770491803278687,time,1,S
2019-11-07 11:59:00-05:00,2019-11-07 11:59:00-05:00,2019-11-07 14:44:00-05:00,L,8277.25,8233.5,8233.75,43.5,-89.5,-1.028735632183908,SL,1,L
2019-11-08 12:29:00-05:00,2019-11-08 12:29:00-05:00,2019-11-08 15:59:00-05:00,L,8241.75,8261.75,8190.0,51.75,38.0,0.3671497584541063,time,1,L
2019-11-12 09:44:00-05:00,2019-11-12 09:44:00-05:00,2019-11-12 10:37:00-05:00,L,8265.75,8287.75,8250.5,15.25,42.0,1.3770491803278688,TP,1,L
2019-11-14 12:29:00-05:00,2019-11-14 12:29:00-05:00,2019-11-14 15:23:00-05:00,S,8238.0,8264.75,8264.5,26.5,-55.5,-1.0471698113207548,SL,1,S
2019-11-20 13:14:00-05:00,2019-11-20 13:14:00-05:00,2019-11-20 15:59:00-05:00,S,8241.5,8292.75,8348.25,106.75,-104.5,-0.4894613583138173,time,1,S
2019-11-21 10:29:00-05:00,2019-11-21 10:29:00-05:00,2019-11-21 15:59:00-05:00,S,8259.0,8272.75,8308.0,49.0,-29.5,-0.3010204081632653,time,1,S
2019-11-25 10:29:00-05:00,2019-11-25 10:29:00-05:00,2019-11-25 15:59:00-05:00,L,8360.0,8376.75,8301.0,59.0,31.5,0.2669491525423729,time,1,L
2019-11-26 12:14:00-05:00,2019-11-26 12:14:00-05:00,2019-11-26 15:59:00-05:00,L,8398.0,8391.75,8368.5,29.5,-14.5,-0.2457627118644068,time,1,L
2019-11-27 11:59:00-05:00,2019-11-27 11:59:00-05:00,2019-11-27 15:59:00-05:00,L,8436.0,8448.75,8402.25,33.75,23.5,0.34814814814814815,time,1,L
2019-11-29 12:29:00-05:00,2019-11-29 12:29:00-05:00,2019-11-29 13:04:00-05:00,S,8412.25,8417.5,8441.0,28.75,-12.5,-0.21739130434782608,time,1,S
2019-12-06 10:59:00-05:00,2019-12-06 10:59:00-05:00,2019-12-06 15:59:00-05:00,L,8389.0,8399.5,8314.75,74.25,19.0,0.12794612794612795,time,1,L
2019-12-11 13:59:00-05:00,2019-12-11 13:59:00-05:00,2019-12-11 14:18:00-05:00,L,8382.5,8398.5,8371.25,11.25,30.0,1.3333333333333333,TP,1,L
2019-12-12 11:59:00-05:00,2019-12-12 11:59:00-05:00,2019-12-12 15:59:00-05:00,L,8432.0,8466.5,8380.75,51.25,67.0,0.6536585365853659,time,1,L
2019-12-19 09:44:00-05:00,2019-12-19 09:44:00-05:00,2019-12-19 15:54:00-05:00,L,8631.5,8665.25,8608.5,23.0,65.5,1.423913043478261,TP,1,L
2019-12-23 13:14:00-05:00,2019-12-23 13:14:00-05:00,2019-12-23 15:21:00-05:00,L,8730.5,8724.5,8724.75,5.75,-14.0,-1.2173913043478262,SL,1,L
2019-12-31 12:29:00-05:00,2019-12-31 12:29:00-05:00,2019-12-31 15:22:00-05:00,S,8720.75,8741.25,8741.0,20.25,-43.0,-1.0617283950617284,SL,1,S
2020-01-02 13:59:00-05:00,2020-01-02 13:59:00-05:00,2020-01-02 15:59:00-05:00,L,8844.75,8888.5,8805.25,39.5,85.5,1.0822784810126582,time,1,L
2020-01-06 11:59:00-05:00,2020-01-06 11:59:00-05:00,2020-01-06 15:59:00-05:00,L,8823.25,8863.5,8728.25,95.0,78.5,0.4131578947368421,time,1,L
2020-01-09 09:59:00-05:00,2020-01-09 09:59:00-05:00,2020-01-09 12:33:00-05:00,L,9004.5,8974.0,8974.25,30.25,-63.0,-1.0413223140495869,SL,1,L
2020-01-13 11:59:00-05:00,2020-01-13 11:59:00-05:00,2020-01-13 15:59:00-05:00,L,9057.75,9084.75,9003.5,54.25,52.0,0.4792626728110599,time,1,L
2020-01-14 09:59:00-05:00,2020-01-14 09:59:00-05:00,2020-01-14 13:30:00-05:00,S,9041.0,9091.0,9090.75,49.75,-102.0,-1.0251256281407035,SL,1,S
2020-01-15 11:14:00-05:00,2020-01-15 11:14:00-05:00,2020-01-15 15:23:00-05:00,L,9080.25,9042.75,9043.0,37.25,-77.0,-1.0335570469798658,SL,1,L
2020-01-16 09:44:00-05:00,2020-01-16 09:44:00-05:00,2020-01-16 11:12:00-05:00,L,9112.5,9087.5,9087.75,24.75,-52.0,-1.0505050505050506,SL,1,L
2020-01-16 14:29:00-05:00,2020-01-16 14:29:00-05:00,2020-01-16 15:59:00-05:00,L,9110.5,9137.75,9087.75,22.75,52.5,1.1538461538461537,time,1,L
2020-01-22 11:59:00-05:00,2020-01-22 11:59:00-05:00,2020-01-22 15:06:00-05:00,L,9231.0,9211.5,9211.75,19.25,-41.0,-1.0649350649350648,SL,1,L
2020-01-24 11:59:00-05:00,2020-01-24 11:59:00-05:00,2020-01-24 15:59:00-05:00,S,9206.0,9151.75,9284.5,78.5,106.5,0.678343949044586,time,1,S
2020-01-31 11:44:00-05:00,2020-01-31 11:44:00-05:00,2020-01-31 15:59:00-05:00,S,9049.0,8995.0,9202.0,153.0,106.0,0.3464052287581699,time,1,S
2020-02-07 11:59:00-05:00,2020-02-07 11:59:00-05:00,2020-02-07 15:59:00-05:00,L,9452.25,9410.5,9384.75,67.5,-85.5,-0.6333333333333333,time,1,L
2020-02-10 11:59:00-05:00,2020-02-10 11:59:00-05:00,2020-02-10 15:59:00-05:00,L,9477.0,9525.0,9377.5,99.5,94.0,0.4723618090452261,time,1,L
2020-02-11 11:59:00-05:00,2020-02-11 11:59:00-05:00,2020-02-11 13:08:00-05:00,L,9560.0,9591.25,9538.5,21.5,60.5,1.4069767441860466,TP,1,L
2020-02-12 12:29:00-05:00,2020-02-12 12:29:00-05:00,2020-02-12 15:59:00-05:00,L,9609.0,9620.25,9558.75,50.25,20.5,0.20398009950248755,time,1,L
2020-02-14 10:14:00-05:00,2020-02-14 10:14:00-05:00,2020-02-14 15:59:00-05:00,S,9600.0,9630.25,9649.75,49.75,-62.5,-0.628140703517588,time,1,S
2020-02-20 12:29:00-05:00,2020-02-20 12:29:00-05:00,2020-02-20 15:59:00-05:00,S,9556.5,9634.75,9725.75,169.25,-158.5,-0.46824224519940916,time,1,S
2020-02-21 10:14:00-05:00,2020-02-21 10:14:00-05:00,2020-02-21 15:59:00-05:00,S,9494.0,9452.25,9606.0,112.0,81.5,0.3638392857142857,time,1,S
2020-02-24 12:44:00-05:00,2020-02-24 12:44:00-05:00,2020-02-24 15:59:00-05:00,S,9115.0,9085.25,9202.5,87.5,57.5,0.32857142857142857,time,1,S
2020-02-25 11:59:00-05:00,2020-02-25 11:59:00-05:00,2020-02-25 15:59:00-05:00,S,9034.25,8839.5,9191.0,156.75,387.5,1.2360446570972887,time,1,S
2020-02-26 13:44:00-05:00,2020-02-26 13:44:00-05:00,2020-02-26 15:59:00-05:00,S,8820.25,8880.0,9026.75,206.5,-121.5,-0.29418886198547217,time,1,S
2020-02-28 09:59:00-05:00,2020-02-28 09:59:00-05:00,2020-02-28 11:37:00-05:00,S,8184.0,8385.5,8385.25,201.25,-405.0,-1.0062111801242235,SL,1,S
2020-03-04 12:14:00-05:00,2020-03-04 12:14:00-05:00,2020-03-04 15:30:00-05:00,L,8755.25,8889.25,8665.25,90.0,266.0,1.4777777777777779,TP,1,L
2020-03-05 13:44:00-05:00,2020-03-05 13:44:00-05:00,2020-03-05 15:59:00-05:00,S,8699.0,8671.75,8869.0,170.0,52.5,0.15441176470588236,time,1,S
2020-03-06 14:14:00-05:00,2020-03-06 14:14:00-05:00,2020-03-06 15:50:00-05:00,S,8377.25,8484.75,8484.5,107.25,-217.0,-1.0116550116550116,SL,1,S
2020-03-11 12:29:00-04:00,2020-03-11 12:29:00-04:00,2020-03-11 15:05:00-04:00,S,8111.0,7944.75,8222.5,111.5,330.5,1.4820627802690582,TP,1,S
2020-03-18 12:57:00-04:00,2020-03-18 12:57:00-04:00,2020-03-18 15:59:00-04:00,S,7005.75,7207.5,7293.75,288.0,-405.5,-0.7039930555555556,time,1,S
2020-03-19 11:59:00-04:00,2020-03-19 11:59:00-04:00,2020-03-19 15:59:00-04:00,L,7322.25,7270.5,7010.25,312.0,-105.5,-0.16907051282051283,time,1,L
2020-03-24 10:44:00-04:00,2020-03-24 10:44:00-04:00,2020-03-24 15:59:00-04:00,L,7415.25,7532.25,7232.5,182.75,232.0,0.6347469220246238,time,1,L
2020-03-26 10:44:00-04:00,2020-03-26 10:44:00-04:00,2020-03-26 15:59:00-04:00,L,7682.25,7867.75,7309.75,372.5,369.0,0.49530201342281877,time,1,L
2020-03-31 10:44:00-04:00,2020-03-31 10:44:00-04:00,2020-03-31 15:22:00-04:00,L,7971.5,7764.0,7764.25,207.25,-417.0,-1.006031363088058,SL,1,L
2020-04-01 13:44:00-04:00,2020-04-01 13:44:00-04:00,2020-04-01 15:59:00-04:00,S,7529.75,7467.0,7683.25,153.5,123.5,0.4022801302931596,time,1,S
2020-04-03 11:59:00-04:00,2020-04-03 11:59:00-04:00,2020-04-03 15:59:00-04:00,S,7519.5,7514.75,7660.75,141.25,7.5,0.02654867256637168,time,1,S
2020-04-06 11:59:00-04:00,2020-04-06 11:59:00-04:00,2020-04-06 15:56:00-04:00,L,7889.5,8097.75,7750.0,139.5,414.5,1.485663082437276,TP,1,L
2020-04-07 13:29:00-04:00,2020-04-07 13:29:00-04:00,2020-04-07 14:44:00-04:00,L,8210.25,8075.5,8075.75,134.5,-271.5,-1.0092936802973977,SL,1,L
2020-04-09 10:44:00-04:00,2020-04-09 10:44:00-04:00,2020-04-09 15:59:00-04:00,L,8224.25,8225.75,8101.75,122.5,1.0,0.004081632653061225,time,1,L
2020-04-13 13:29:00-04:00,2020-04-13 13:29:00-04:00,2020-04-13 15:31:00-04:00,L,8201.25,8290.75,8141.0,60.25,177.0,1.4688796680497926,TP,1,L
2020-04-16 12:29:00-04:00,2020-04-16 12:29:00-04:00,2020-04-16 15:59:00-04:00,L,8672.75,8743.25,8592.25,80.5,139.0,0.8633540372670807,time,1,L
2020-04-24 12:14:00-04:00,2020-04-24 12:14:00-04:00,2020-04-24 15:42:00-04:00,L,8660.0,8775.25,8582.5,77.5,228.5,1.4741935483870967,TP,1,L
2020-04-29 10:14:00-04:00,2020-04-29 10:14:00-04:00,2020-04-29 15:59:00-04:00,L,8886.0,8962.75,8772.75,113.25,151.5,0.6688741721854304,time,1,L
2020-05-01 12:29:00-04:00,2020-05-01 12:29:00-04:00,2020-05-01 15:59:00-04:00,S,8706.25,8711.75,8878.75,172.5,-13.0,-0.03768115942028986,time,1,S
2020-05-06 12:29:00-04:00,2020-05-06 12:29:00-04:00,2020-05-06 15:59:00-04:00,L,9020.25,8971.75,8935.25,85.0,-99.0,-0.5823529411764706,time,1,L
2020-05-07 13:14:00-04:00,2020-05-07 13:14:00-04:00,2020-05-07 15:59:00-04:00,L,9123.75,9090.75,9030.25,93.5,-68.0,-0.36363636363636365,time,1,L
2020-05-08 11:59:00-04:00,2020-05-08 11:59:00-04:00,2020-05-08 15:59:00-04:00,L,9203.5,9209.25,9115.75,87.75,9.5,0.05413105413105413,time,1,L
2020-05-12 12:14:00-04:00,2020-05-12 12:14:00-04:00,2020-05-12 15:18:00-04:00,L,9306.25,9236.25,9236.5,69.75,-142.0,-1.017921146953405,SL,1,L
2020-05-13 12:59:00-04:00,2020-05-13 12:59:00-04:00,2020-05-13 15:59:00-04:00,S,8978.25,8991.0,9202.75,224.5,-27.5,-0.061247216035634745,time,1,S
2020-05-15 13:14:00-04:00,2020-05-15 13:14:00-04:00,2020-05-15 15:59:00-04:00,L,9102.75,9145.75,8945.0,157.75,84.0,0.2662440570522979,time,1,L
2020-05-19 09:59:00-04:00,2020-05-19 09:59:00-04:00,2020-05-19 15:51:00-04:00,L,9372.25,9313.0,9313.25,59.0,-120.5,-1.021186440677966,SL,1,L
2020-05-21 11:59:00-04:00,2020-05-21 11:59:00-04:00,2020-05-21 15:59:00-04:00,S,9397.0,9378.25,9510.75,113.75,35.5,0.15604395604395604,time,1,S
2020-05-28 11:14:00-04:00,2020-05-28 11:14:00-04:00,2020-05-28 15:59:00-04:00,L,9485.25,9414.75,9320.25,165.0,-143.0,-0.43333333333333335,time,1,L
2020-05-29 10:29:00-04:00,2020-05-29 10:29:00-04:00,2020-05-29 14:27:00-04:00,S,9406.5,9491.25,9491.0,84.5,-171.5,-1.014792899408284,SL,1,S
2020-06-03 10:59:00-04:00,2020-06-03 10:59:00-04:00,2020-06-03 12:11:00-04:00,L,9678.5,9648.25,9648.5,30.0,-62.5,-1.0416666666666667,SL,1,L
2020-06-03 14:44:00-04:00,2020-06-03 14:44:00-04:00,2020-06-03 15:59:00-04:00,L,9697.25,9696.75,9640.5,56.75,-3.0,-0.02643171806167401,time,1,L
2020-06-04 10:59:00-04:00,2020-06-04 10:59:00-04:00,2020-06-04 11:17:00-04:00,L,9710.0,9643.5,9643.75,66.25,-135.0,-1.0188679245283019,SL,1,L
2020-06-04 12:14:00-04:00,2020-06-04 12:14:00-04:00,2020-06-04 15:59:00-04:00,S,9653.5,9627.75,9742.75,89.25,49.5,0.2773109243697479,time,1,S
2020-06-05 11:14:00-04:00,2020-06-05 11:14:00-04:00,2020-06-05 15:59:00-04:00,L,9788.0,9815.75,9601.75,186.25,53.5,0.1436241610738255,time,1,L
2020-06-09 09:44:00-04:00,2020-06-09 09:44:00-04:00,2020-06-09 15:59:00-04:00,L,9898.5,9963.5,9822.0,76.5,128.0,0.8366013071895425,time,1,L
2020-06-11 12:59:00-04:00,2020-06-11 12:59:00-04:00,2020-06-11 15:59:00-04:00,S,9707.5,9592.75,9981.25,273.75,227.5,0.4155251141552511,time,1,S
2020-06-16 13:29:00-04:00,2020-06-16 13:29:00-04:00,2020-06-16 15:59:00-04:00,L,9966.0,9953.0,9796.75,169.25,-28.0,-0.0827178729689808,time,1,L
2020-06-22 11:59:00-04:00,2020-06-22 11:59:00-04:00,2020-06-22 15:59:00-04:00,L,10058.0,10114.75,9975.0,83.0,111.5,0.6716867469879518,time,1,L
2020-06-23 11:59:00-04:00,2020-06-23 11:59:00-04:00,2020-06-23 15:59:00-04:00,L,10261.0,10197.5,10158.5,102.5,-129.0,-0.6292682926829268,time,1,L
2020-06-24 11:59:00-04:00,2020-06-24 11:59:00-04:00,2020-06-24 15:59:00-04:00,S,9969.75,9993.75,10221.5,251.75,-50.0,-0.09930486593843098,time,1,S
2020-06-25 09:44:00-04:00,2020-06-25 09:44:00-04:00,2020-06-25 12:01:00-04:00,S,9926.0,10018.0,10017.75,91.75,-186.0,-1.013623978201635,SL,1,S
2020-06-26 09:44:00-04:00,2020-06-26 09:44:00-04:00,2020-06-26 15:36:00-04:00,S,10005.25,9843.75,10113.5,108.25,321.0,1.4826789838337182,TP,1,S
2020-06-29 10:14:00-04:00,2020-06-29 10:14:00-04:00,2020-06-29 11:28:00-04:00,S,9834.5,9888.0,9887.75,53.25,-109.0,-1.0234741784037558,SL,1,S
2020-06-30 10:59:00-04:00,2020-06-30 10:59:00-04:00,2020-06-30 15:59:00-04:00,L,10064.25,10148.25,9939.75,124.5,166.0,0.6666666666666666,time,1,L
2020-07-01 09:59:00-04:00,2020-07-01 09:59:00-04:00,2020-07-01 12:37:00-04:00,L,10149.5,10259.75,10075.5,74.0,218.5,1.4763513513513513,TP,1,L
2020-07-02 13:59:00-04:00,2020-07-02 13:59:00-04:00,2020-07-02 15:51:00-04:00,L,10382.0,10334.5,10334.75,47.25,-97.0,-1.0264550264550265,SL,1,L
2020-07-06 09:59:00-04:00,2020-07-06 09:59:00-04:00,2020-07-06 11:13:00-04:00,L,10519.0,10597.75,10466.0,53.0,155.5,1.4669811320754718,TP,1,L
2020-07-08 13:44:00-04:00,2020-07-08 13:44:00-04:00,2020-07-08 15:59:00-04:00,L,10602.5,10654.0,10512.25,90.25,101.0,0.5595567867036011,time,1,L
2020-07-10 12:29:00-04:00,2020-07-10 12:29:00-04:00,2020-07-10 15:59:00-04:00,L,10721.25,10820.75,10625.25,96.0,197.0,1.0260416666666667,time,1,L
2020-07-14 10:14:00-04:00,2020-07-14 10:14:00-04:00,2020-07-14 15:51:00-04:00,S,10367.75,10674.25,10674.0,306.25,-615.0,-1.0040816326530613,SL,1,S
2020-07-15 11:59:00-04:00,2020-07-15 11:59:00-04:00,2020-07-15 15:59:00-04:00,S,10573.25,10687.5,10766.75,193.5,-230.5,-0.5956072351421189,time,1,S
2020-07-16 11:59:00-04:00,2020-07-16 11:59:00-04:00,2020-07-16 13:14:00-04:00,S,10542.75,10600.5,10600.25,57.5,-117.5,-1.0217391304347827,SL,1,S
2020-07-22 13:59:00-04:00,2020-07-22 13:59:00-04:00,2020-07-22 15:49:00-04:00,S,10786.0,10861.75,10861.5,75.5,-153.5,-1.0165562913907285,SL,1,S
2020-07-24 09:44:00-04:00,2020-07-24 09:44:00-04:00,2020-07-24 10:57:00-04:00,S,10357.75,10482.5,10482.25,124.5,-251.5,-1.0100401606425702,SL,1,S
2020-07-27 13:59:00-04:00,2020-07-27 13:59:00-04:00,2020-07-27 15:59:00-04:00,L,10610.5,10660.5,10511.25,99.25,98.0,0.49370277078085645,time,1,L
2020-08-04 10:59:00-04:00,2020-08-04 10:59:00-04:00,2020-08-04 15:59:00-04:00,L,11050.0,11084.0,10982.5,67.5,66.0,0.4888888888888889,time,1,L
2020-08-06 10:14:00-04:00,2020-08-06 10:14:00-04:00,2020-08-06 14:53:00-04:00,L,11131.0,11249.75,11051.25,79.75,235.5,1.4764890282131662,TP,1,L
2020-08-07 13:14:00-04:00,2020-08-07 13:14:00-04:00,2020-08-07 15:59:00-04:00,S,11087.5,11128.25,11268.0,180.5,-83.5,-0.23130193905817176,time,1,S
2020-08-10 11:59:00-04:00,2020-08-10 11:59:00-04:00,2020-08-10 15:59:00-04:00,S,11031.0,11078.75,11146.75,115.75,-97.5,-0.42116630669546434,time,1,S
2020-08-12 11:14:00-04:00,2020-08-12 11:14:00-04:00,2020-08-12 15:59:00-04:00,L,11104.0,11146.25,10932.75,171.25,82.5,0.24087591240875914,time,1,L
2020-08-14 10:59:00-04:00,2020-08-14 10:59:00-04:00,2020-08-14 15:59:00-04:00,S,11115.75,11159.75,11218.0,102.25,-90.0,-0.4400977995110024,time,1,S
2020-08-18 12:59:00-04:00,2020-08-18 12:59:00-04:00,2020-08-18 15:59:00-04:00,L,11371.0,11393.75,11268.25,102.75,43.5,0.2116788321167883,time,1,L
2020-08-19 12:14:00-04:00,2020-08-19 12:14:00-04:00,2020-08-19 14:20:00-04:00,L,11424.75,11332.25,11332.5,92.25,-187.0,-1.013550135501355,SL,1,L
2020-08-19 14:29:00-04:00,2020-08-19 14:29:00-04:00,2020-08-19 15:59:00-04:00,S,11339.25,11319.5,11438.0,98.75,37.5,0.189873417721519,time,1,S
2020-08-20 11:59:00-04:00,2020-08-20 11:59:00-04:00,2020-08-20 15:59:00-04:00,L,11420.5,11473.25,11266.25,154.25,103.5,0.3354943273905997,time,1,L
2020-08-21 10:29:00-04:00,2020-08-21 10:29:00-04:00,2020-08-21 15:59:00-04:00,L,11524.0,11554.0,11406.75,117.25,58.0,0.24733475479744135,time,1,L
2020-08-26 10:59:00-04:00,2020-08-26 10:59:00-04:00,2020-08-26 15:59:00-04:00,L,11838.25,11964.75,11735.0,103.25,251.0,1.215496368038741,time,1,L
2020-09-01 11:59:00-04:00,2020-09-01 11:59:00-04:00,2020-09-01 15:59:00-04:00,L,12222.0,12293.75,12124.75,97.25,141.5,0.7275064267352185,time,1,L
2020-09-04 11:59:00-04:00,2020-09-04 11:59:00-04:00,2020-09-04 15:59:00-04:00,S,11489.5,11620.0,11843.5,354.0,-263.0,-0.3714689265536723,time,1,S
2020-09-08 13:29:00-04:00,2020-09-08 13:29:00-04:00,2020-09-08 14:53:00-04:00,S,11237.75,11083.25,11341.25,103.5,307.0,1.4830917874396135,TP,1,S
2020-09-09 12:14:00-04:00,2020-09-09 12:14:00-04:00,2020-09-09 15:59:00-04:00,L,11402.5,11386.0,11185.25,217.25,-35.0,-0.0805523590333717,time,1,L
2020-09-10 12:44:00-04:00,2020-09-10 12:44:00-04:00,2020-09-10 15:59:00-04:00,S,11331.75,11157.0,11567.25,235.5,347.5,0.7377919320594479,time,1,S
2020-09-14 09:44:00-04:00,2020-09-14 09:44:00-04:00,2020-09-14 15:59:00-04:00,L,11280.5,11274.75,11187.0,93.5,-13.5,-0.07219251336898395,time,1,L
2020-09-18 11:29:00-04:00,2020-09-18 11:29:00-04:00,2020-09-18 15:59:00-04:00,S,10950.5,10917.5,11162.75,212.25,64.0,0.15076560659599528,time,1,S
2020-09-22 13:29:00-04:00,2020-09-22 13:29:00-04:00,2020-09-22 15:59:00-04:00,L,11071.25,11164.5,10921.5,149.75,184.5,0.6160267111853088,time,1,L
2020-09-28 14:59:00-04:00,2020-09-28 14:59:00-04:00,2020-09-28 15:59:00-04:00,L,11335.5,11359.75,11233.0,102.5,46.5,0.22682926829268293,time,1,L
2020-10-01 13:59:00-04:00,2020-10-01 13:59:00-04:00,2020-10-01 14:08:00-04:00,L,11544.5,11497.5,11497.75,46.75,-96.0,-1.0267379679144386,SL,1,L
2020-10-02 10:14:00-04:00,2020-10-02 10:14:00-04:00,2020-10-02 11:56:00-04:00,L,11460.75,11280.0,11280.25,180.5,-363.5,-1.0069252077562327,SL,1,L
2020-10-02 12:44:00-04:00,2020-10-02 12:44:00-04:00,2020-10-02 15:59:00-04:00,S,11337.75,11244.25,11469.0,131.25,185.0,0.7047619047619048,time,1,S
2020-10-05 10:59:00-04:00,2020-10-05 10:59:00-04:00,2020-10-05 15:59:00-04:00,L,11412.25,11489.25,11300.25,112.0,152.0,0.6785714285714286,time,1,L
2020-10-06 14:29:00-04:00,2020-10-06 14:29:00-04:00,2020-10-06 14:52:00-04:00,L,11476.5,11376.75,11377.0,99.5,-201.5,-1.0125628140703518,SL,1,L
2020-10-14 12:14:00-04:00,2020-10-14 12:14:00-04:00,2020-10-14 15:59:00-04:00,S,11956.0,11977.5,12153.25,197.25,-45.0,-0.11406844106463879,time,1,S
2020-10-15 12:29:00-04:00,2020-10-15 12:29:00-04:00,2020-10-15 15:11:00-04:00,S,11789.75,11873.75,11873.5,83.75,-170.0,-1.0149253731343284,SL,1,S
2020-10-19 12:14:00-04:00,2020-10-19 12:14:00-04:00,2020-10-19 15:59:00-04:00,S,11770.25,11629.5,11951.0,180.75,279.5,0.7731673582295989,time,1,S
2020-10-21 09:44:00-04:00,2020-10-21 09:44:00-04:00,2020-10-21 15:59:00-04:00,L,11733.75,11652.25,11617.0,116.75,-165.0,-0.7066381156316917,time,1,L
2020-10-22 11:59:00-04:00,2020-10-22 11:59:00-04:00,2020-10-22 15:59:00-04:00,S,11581.5,11654.25,11724.0,142.5,-147.5,-0.5175438596491229,time,1,S
2020-10-23 10:59:00-04:00,2020-10-23 10:59:00-04:00,2020-10-23 15:59:00-04:00,S,11602.75,11680.25,11691.75,89.0,-157.0,-0.8820224719101124,time,1,S
2020-10-26 12:29:00-04:00,2020-10-26 12:29:00-04:00,2020-10-26 15:59:00-04:00,S,11483.5,11495.25,11696.0,212.5,-25.5,-0.06,time,1,S
2020-10-30 11:59:00-04:00,2020-10-30 11:59:00-04:00,2020-10-30 15:59:00-04:00,S,11004.75,11055.25,11281.5,276.75,-103.0,-0.1860885275519422,time,1,S
2020-11-03 09:59:00-05:00,2020-11-03 09:59:00-05:00,2020-11-03 11:00:00-05:00,L,11198.5,11343.75,11101.0,97.5,288.5,1.4794871794871796,TP,1,L
2020-11-03 11:59:00-05:00,2020-11-03 11:59:00-05:00,2020-11-03 15:59:00-05:00,L,11295.75,11256.75,11101.0,194.75,-80.0,-0.20539152759948653,time,1,L
2020-11-05 14:44:00-05:00,2020-11-05 14:44:00-05:00,2020-11-05 15:59:00-05:00,L,12107.5,12066.0,11974.75,132.75,-85.0,-0.32015065913371,time,1,L
2020-11-06 12:14:00-05:00,2020-11-06 12:14:00-05:00,2020-11-06 15:59:00-05:00,L,12055.25,12080.25,11883.0,172.25,48.0,0.13933236574746008,time,1,L
2020-11-09 14:14:00-05:00,2020-11-09 14:14:00-05:00,2020-11-09 15:56:00-05:00,S,12042.0,11846.25,12173.0,131.0,389.5,1.4866412213740459,TP,1,S
2020-11-10 11:59:00-05:00,2020-11-10 11:59:00-05:00,2020-11-10 15:59:00-05:00,S,11659.0,11620.0,11749.75,90.75,76.0,0.418732782369146,time,1,S
2020-11-11 11:59:00-05:00,2020-11-11 11:59:00-05:00,2020-11-11 15:59:00-05:00,L,11864.25,11880.25,11702.0,162.25,30.0,0.09244992295839753,time,1,L
2020-11-12 12:59:00-05:00,2020-11-12 12:59:00-05:00,2020-11-12 15:59:00-05:00,S,11836.25,11825.0,11975.25,139.0,20.5,0.0737410071942446,time,1,S
2020-11-18 12:29:00-05:00,2020-11-18 12:29:00-05:00,2020-11-18 15:52:00-05:00,L,12012.75,11909.75,11910.0,102.75,-208.0,-1.0121654501216546,SL,1,L
2020-11-23 12:14:00-05:00,2020-11-23 12:14:00-05:00,2020-11-23 15:59:00-05:00,S,11850.75,11904.5,12002.0,151.25,-109.5,-0.36198347107438017,time,1,S
2020-11-24 12:14:00-05:00,2020-11-24 12:14:00-05:00,2020-11-24 15:59:00-05:00,L,12012.0,12075.25,11872.25,139.75,124.5,0.44543828264758495,time,1,L
2020-11-25 12:59:00-05:00,2020-11-25 12:59:00-05:00,2020-11-25 15:59:00-05:00,L,12136.25,12153.5,12087.25,49.0,32.5,0.33163265306122447,time,1,L
2020-12-01 11:59:00-05:00,2020-12-01 11:59:00-05:00,2020-12-01 15:59:00-05:00,L,12448.25,12450.25,12333.75,114.5,2.0,0.008733624454148471,time,1,L
2020-12-02 12:14:00-05:00,2020-12-02 12:14:00-05:00,2020-12-02 15:59:00-05:00,L,12452.75,12457.25,12313.5,139.25,7.0,0.025134649910233394,time,1,L
2020-12-03 13:44:00-05:00,2020-12-03 13:44:00-05:00,2020-12-03 13:57:00-05:00,L,12483.75,12460.5,12460.75,23.0,-48.5,-1.0543478260869565,SL,1,L
2020-12-04 11:59:00-05:00,2020-12-04 11:59:00-05:00,2020-12-04 15:59:00-05:00,L,12512.5,12529.0,12448.25,64.25,31.0,0.24124513618677043,time,1,L
2020-12-08 12:44:00-05:00,2020-12-08 12:44:00-05:00,2020-12-08 15:59:00-05:00,L,12593.0,12636.75,12502.25,90.75,85.5,0.47107438016528924,time,1,L
2020-12-09 12:14:00-05:00,2020-12-09 12:14:00-05:00,2020-12-09 13:26:00-05:00,S,12564.0,12448.75,12641.5,77.5,228.5,1.4741935483870967,TP,1,S
2020-12-11 12:29:00-05:00,2020-12-11 12:29:00-05:00,2020-12-11 14:47:00-05:00,S,12256.75,12360.25,12360.0,103.25,-209.0,-1.0121065375302662,SL,1,S
2020-12-16 11:59:00-05:00,2020-12-16 11:59:00-05:00,2020-12-16 15:59:00-05:00,L,12654.25,12672.5,12571.0,83.25,34.5,0.2072072072072072,time,1,L
2020-12-17 09:44:00-05:00,2020-12-17 09:44:00-05:00,2020-12-17 10:03:00-05:00,L,12740.75,12724.0,12724.25,16.5,-35.5,-1.0757575757575757,SL,1,L
2020-12-18 11:44:00-05:00,2020-12-18 11:44:00-05:00,2020-12-18 15:59:00-05:00,S,12698.0,12703.25,12789.5,91.5,-12.5,-0.06830601092896176,time,1,S
2020-12-21 11:59:00-05:00,2020-12-21 11:59:00-05:00,2020-12-21 12:51:00-05:00,S,12581.75,12649.5,12649.25,67.5,-137.5,-1.0185185185185186,SL,1,S
2020-12-21 13:14:00-05:00,2020-12-21 13:14:00-05:00,2020-12-21 15:59:00-05:00,L,12675.75,12684.5,12460.75,215.0,15.5,0.03604651162790698,time,1,L
2020-12-23 13:14:00-05:00,2020-12-23 13:14:00-05:00,2020-12-23 15:59:00-05:00,L,12721.75,12664.75,12665.0,56.75,-116.0,-1.0220264317180616,SL,1,L
2020-12-28 12:44:00-05:00,2020-12-28 12:44:00-05:00,2020-12-28 15:59:00-05:00,L,12833.75,12833.25,12740.75,93.0,-3.0,-0.016129032258064516,time,1,L
2020-12-31 09:44:00-05:00,2020-12-31 09:44:00-05:00,2020-12-31 11:56:00-05:00,S,12842.5,12811.25,12864.0,21.5,60.5,1.4069767441860466,TP,1,S
2021-01-08 12:44:00-05:00,2021-01-08 12:44:00-05:00,2021-01-08 13:23:00-05:00,L,13055.25,12953.0,12953.25,102.0,-206.5,-1.0122549019607843,SL,1,L
2021-01-13 10:29:00-05:00,2021-01-13 10:29:00-05:00,2021-01-13 15:59:00-05:00,L,12930.0,12967.75,12820.25,109.75,73.5,0.3348519362186788,time,1,L
2021-01-15 11:59:00-05:00,2021-01-15 11:59:00-05:00,2021-01-15 15:59:00-05:00,S,12838.0,12799.5,12931.0,93.0,75.0,0.4032258064516129,time,1,S
2021-01-19 13:44:00-05:00,2021-01-19 13:44:00-05:00,2021-01-19 15:59:00-05:00,L,12977.0,12984.5,12848.5,128.5,13.0,0.05058365758754864,time,1,L
2021-01-21 11:59:00-05:00,2021-01-21 11:59:00-05:00,2021-01-21 15:59:00-05:00,L,13368.25,13397.25,13282.75,85.5,56.0,0.32748538011695905,time,1,L
2021-01-22 09:59:00-05:00,2021-01-22 09:59:00-05:00,2021-01-22 15:59:00-05:00,L,13383.5,13355.25,13299.75,83.75,-58.5,-0.3492537313432836,time,1,L
2021-02-01 12:14:00-05:00,2021-02-01 12:14:00-05:00,2021-02-01 15:59:00-05:00,L,13227.0,13230.25,12970.0,257.0,4.5,0.008754863813229572,time,1,L
2021-02-04 12:29:00-05:00,2021-02-04 12:29:00-05:00,2021-02-04 15:59:00-05:00,L,13468.5,13549.75,13391.5,77.0,160.5,1.0422077922077921,time,1,L
2021-02-05 12:44:00-05:00,2021-02-05 12:44:00-05:00,2021-02-05 15:59:00-05:00,L,13618.75,13596.5,13519.0,99.75,-46.5,-0.23308270676691728,time,1,L
2021-02-09 11:44:00-05:00,2021-02-09 11:44:00-05:00,2021-02-09 15:59:00-05:00,L,13698.0,13680.25,13633.75,64.25,-37.5,-0.2918287937743191,time,1,L
2021-02-10 11:59:00-05:00,2021-02-10 11:59:00-05:00,2021-02-10 15:59:00-05:00,S,13613.75,13650.75,13762.25,148.5,-76.0,-0.2558922558922559,time,1,S
2021-02-11 12:14:00-05:00,2021-02-11 12:14:00-05:00,2021-02-11 12:19:00-05:00,L,13723.75,13681.5,13681.75,42.0,-86.5,-1.0297619047619047,SL,1,L
2021-02-12 10:29:00-05:00,2021-02-12 10:29:00-05:00,2021-02-12 10:46:00-05:00,S,13687.0,13723.0,13722.75,35.75,-74.0,-1.034965034965035,SL,1,S
2021-02-12 11:59:00-05:00,2021-02-12 11:59:00-05:00,2021-02-12 15:59:00-05:00,L,13740.5,13803.5,13645.75,94.75,124.0,0.6543535620052771,time,1,L
2021-02-22 12:29:00-05:00,2021-02-22 12:29:00-05:00,2021-02-22 15:59:00-05:00,S,13295.25,13227.0,13446.5,151.25,134.5,0.4446280991735537,time,1,S
2021-02-24 10:14:00-05:00,2021-02-24 10:14:00-05:00,2021-02-24 15:39:00-05:00,S,12988.0,13296.0,13295.75,307.75,-618.0,-1.0040617384240456,SL,1,S
2021-02-25 11:59:00-05:00,2021-02-25 11:59:00-05:00,2021-02-25 15:59:00-05:00,S,12989.0,12826.5,13290.25,301.25,323.0,0.5360995850622406,time,1,S
2021-03-01 10:59:00-05:00,2021-03-01 10:59:00-05:00,2021-03-01 15:59:00-05:00,L,13179.75,13274.25,13034.0,145.75,187.0,0.6415094339622641,time,1,L
2021-03-02 11:59:00-05:00,2021-03-02 11:59:00-05:00,2021-03-02 15:59:00-05:00,S,13139.5,13058.25,13303.5,164.0,160.5,0.4893292682926829,time,1,S
2021-03-04 14:14:00-05:00,2021-03-04 14:14:00-05:00,2021-03-04 15:59:00-05:00,S,12378.25,12471.75,12797.25,419.0,-189.0,-0.22553699284009546,time,1,S
2021-03-05 11:44:00-05:00,2021-03-05 11:44:00-05:00,2021-03-05 14:33:00-05:00,S,12330.25,12633.0,12632.75,302.5,-607.5,-1.0041322314049588,SL,1,S
2021-03-11 12:44:00-05:00,2021-03-11 12:44:00-05:00,2021-03-11 15:59:00-05:00,L,13071.75,13046.0,12912.25,159.5,-53.5,-0.1677115987460815,time,1,L
2021-03-15 10:14:00-04:00,2021-03-15 10:14:00-04:00,2021-03-15 11:34:00-04:00,L,12987.5,12896.0,12896.25,91.25,-185.0,-1.0136986301369864,SL,1,L
2021-03-15 13:59:00-04:00,2021-03-15 13:59:00-04:00,2021-03-15 15:59:00-04:00,L,12981.75,13077.5,12880.5,101.25,189.5,0.9358024691358025,time,1,L
2021-03-24 09:44:00-04:00,2021-03-24 09:44:00-04:00,2021-03-24 15:32:00-04:00,S,13009.25,12847.75,13117.5,108.25,321.0,1.4826789838337182,TP,1,S
2021-03-25 14:29:00-04:00,2021-03-25 14:29:00-04:00,2021-03-25 15:00:00-04:00,S,12660.5,12786.75,12786.5,126.0,-254.5,-1.0099206349206349,SL,1,S
2021-03-29 12:59:00-04:00,2021-03-29 12:59:00-04:00,2021-03-29 15:59:00-04:00,L,12968.0,12955.75,12828.0,140.0,-26.5,-0.09464285714285714,time,1,L
2021-04-07 11:59:00-04:00,2021-04-07 11:59:00-04:00,2021-04-07 15:59:00-04:00,L,13598.75,13604.25,13512.75,86.0,9.0,0.05232558139534884,time,1,L
2021-04-08 13:44:00-04:00,2021-04-08 13:44:00-04:00,2021-04-08 15:59:00-04:00,L,13719.5,13749.25,13696.0,23.5,57.5,1.2234042553191489,time,1,L
2021-04-12 12:59:00-04:00,2021-04-12 12:59:00-04:00,2021-04-12 15:59:00-04:00,L,13816.5,13811.5,13731.5,85.0,-12.0,-0.07058823529411765,time,1,L
2021-04-16 12:29:00-04:00,2021-04-16 12:29:00-04:00,2021-04-16 15:59:00-04:00,L,14029.0,14030.75,13956.25,72.75,1.5,0.010309278350515464,time,1,L
2021-04-20 12:14:00-04:00,2021-04-20 12:14:00-04:00,2021-04-20 15:59:00-04:00,S,13797.75,13799.5,13930.0,132.25,-5.5,-0.020793950850661626,time,1,S
2021-04-21 11:59:00-04:00,2021-04-21 11:59:00-04:00,2021-04-21 15:59:00-04:00,L,13872.75,13918.25,13700.0,172.75,89.0,0.2575976845151954,time,1,L
2021-04-22 13:14:00-04:00,2021-04-22 13:14:00-04:00,2021-04-22 13:55:00-04:00,S,13855.25,13722.75,13944.25,89.0,263.0,1.4775280898876404,TP,1,S
2021-04-23 10:29:00-04:00,2021-04-23 10:29:00-04:00,2021-04-23 12:44:00-04:00,L,13833.5,13939.75,13762.0,71.5,210.5,1.472027972027972,TP,1,L
2021-04-27 10:59:00-04:00,2021-04-27 10:59:00-04:00,2021-04-27 15:59:00-04:00,S,13945.5,13951.75,14040.5,95.0,-14.5,-0.07631578947368421,time,1,S
2021-04-28 12:29:00-04:00,2021-04-28 12:29:00-04:00,2021-04-28 14:45:00-04:00,S,13907.25,13981.25,13981.0,73.75,-150.0,-1.0169491525423728,SL,1,S
2021-04-28 14:59:00-04:00,2021-04-28 14:59:00-04:00,2021-04-28 15:59:00-04:00,L,13953.5,13895.75,13881.75,71.75,-117.5,-0.818815331010453,time,1,L
2021-04-29 11:14:00-04:00,2021-04-29 11:14:00-04:00,2021-04-29 15:59:00-04:00,S,13939.0,13955.0,14064.25,125.25,-34.0,-0.13572854291417166,time,1,S
2021-04-30 13:59:00-04:00,2021-04-30 13:59:00-04:00,2021-04-30 15:59:00-04:00,S,13838.0,13861.0,13919.5,81.5,-48.0,-0.294478527607362,time,1,S
2021-05-03 12:44:00-04:00,2021-05-03 12:44:00-04:00,2021-05-03 15:59:00-04:00,S,13777.25,13790.5,13947.75,170.5,-28.5,-0.08357771260997067,time,1,S
2021-05-05 13:14:00-04:00,2021-05-05 13:14:00-04:00,2021-05-05 15:59:00-04:00,S,13559.25,13494.25,13631.75,72.5,128.0,0.8827586206896552,time,1,S
2021-05-06 12:44:00-04:00,2021-05-06 12:44:00-04:00,2021-05-06 15:59:00-04:00,L,13571.0,13596.25,13388.75,182.25,48.5,0.13305898491083676,time,1,L
2021-05-26 12:44:00-04:00,2021-05-26 12:44:00-04:00,2021-05-26 15:59:00-04:00,L,13715.25,13701.5,13657.0,58.25,-29.5,-0.2532188841201717,time,1,L
2021-05-28 11:14:00-04:00,2021-05-28 11:14:00-04:00,2021-05-28 15:59:00-04:00,L,13721.5,13690.25,13679.75,41.75,-64.5,-0.7724550898203593,time,1,L
2021-05-31 11:59:00-04:00,2021-05-31 11:59:00-04:00,2021-05-31 12:29:00-04:00,S,13670.5,13656.25,13680.5,10.0,26.5,1.325,TP,1,S
2021-06-01 11:59:00-04:00,2021-06-01 11:59:00-04:00,2021-06-01 15:59:00-04:00,S,13659.0,13651.25,13773.25,114.25,13.5,0.05908096280087528,time,1,S
2021-06-02 13:29:00-04:00,2021-06-02 13:29:00-04:00,2021-06-02 15:59:00-04:00,S,13630.75,13674.5,13706.25,75.5,-89.5,-0.5927152317880795,time,1,S
2021-06-09 14:44:00-04:00,2021-06-09 14:44:00-04:00,2021-06-09 14:49:00-04:00,L,13848.5,13842.5,13842.75,5.75,-14.0,-1.2173913043478262,SL,1,L
2021-06-10 10:59:00-04:00,2021-06-10 10:59:00-04:00,2021-06-10 15:59:00-04:00,L,13867.25,13959.75,13726.25,141.0,183.0,0.648936170212766,time,1,L
2021-06-11 14:29:00-04:00,2021-06-11 14:29:00-04:00,2021-06-11 15:59:00-04:00,L,13977.75,13994.5,13946.75,31.0,31.5,0.5080645161290323,time,1,L
2021-06-16 10:29:00-04:00,2021-06-16 10:29:00-04:00,2021-06-16 12:06:00-04:00,L,14082.5,14017.75,14018.0,64.5,-131.5,-1.0193798449612403,SL,1,L
2021-06-16 12:44:00-04:00,2021-06-16 12:44:00-04:00,2021-06-16 14:18:00-04:00,S,14001.75,13861.75,14095.75,94.0,278.0,1.4787234042553192,TP,1,S
2021-06-18 14:59:00-04:00,2021-06-18 14:59:00-04:00,2021-06-18 15:59:00-04:00,S,14039.0,14042.0,14109.25,70.25,-8.0,-0.05693950177935943,time,1,S
2021-06-21 11:59:00-04:00,2021-06-21 11:59:00-04:00,2021-06-21 15:59:00-04:00,L,14114.5,14128.0,13958.5,156.0,25.0,0.08012820512820513,time,1,L
2021-06-29 11:59:00-04:00,2021-06-29 11:59:00-04:00,2021-06-29 15:59:00-04:00,L,14524.0,14563.75,14469.75,54.25,77.5,0.7142857142857143,time,1,L
2021-07-01 11:14:00-04:00,2021-07-01 11:14:00-04:00,2021-07-01 15:59:00-04:00,S,14497.25,14548.0,14570.25,73.0,-103.5,-0.708904109589041,time,1,S
2021-07-06 12:44:00-04:00,2021-07-06 12:44:00-04:00,2021-07-06 15:59:00-04:00,S,14670.5,14776.5,14790.0,119.5,-214.0,-0.895397489539749,time,1,S
2021-07-09 10:44:00-04:00,2021-07-09 10:44:00-04:00,2021-07-09 15:59:00-04:00,L,14738.5,14810.0,14668.0,70.5,141.0,1.0,time,1,L
2021-07-13 11:29:00-04:00,2021-07-13 11:29:00-04:00,2021-07-13 15:59:00-04:00,L,14990.0,14865.25,14794.0,196.0,-251.5,-0.6415816326530612,time,1,L
2021-07-16 11:59:00-04:00,2021-07-16 11:59:00-04:00,2021-07-16 15:59:00-04:00,S,14726.5,14673.5,14869.75,143.25,104.0,0.36300174520069806,time,1,S
2021-07-20 11:59:00-04:00,2021-07-20 11:59:00-04:00,2021-07-20 15:59:00-04:00,L,14703.5,14718.0,14516.5,187.0,27.0,0.07219251336898395,time,1,L
2021-07-21 10:29:00-04:00,2021-07-21 10:29:00-04:00,2021-07-21 15:59:00-04:00,L,14752.5,14828.0,14674.0,78.5,149.0,0.9490445859872612,time,1,L
2021-07-22 11:29:00-04:00,2021-07-22 11:29:00-04:00,2021-07-22 15:59:00-04:00,L,14894.75,14928.5,14828.75,66.0,65.5,0.4962121212121212,time,1,L
2021-07-23 11:59:00-04:00,2021-07-23 11:59:00-04:00,2021-07-23 15:59:00-04:00,L,15069.5,15098.5,14934.0,135.5,56.0,0.2066420664206642,time,1,L
2021-07-26 11:59:00-04:00,2021-07-26 11:59:00-04:00,2021-07-26 15:59:00-04:00,L,15127.5,15116.5,15040.0,87.5,-24.0,-0.13714285714285715,time,1,L
2021-07-27 09:59:00-04:00,2021-07-27 09:59:00-04:00,2021-07-27 10:36:00-04:00,S,15043.25,14911.25,15131.75,88.5,262.0,1.4802259887005649,TP,1,S
2021-07-28 11:59:00-04:00,2021-07-28 11:59:00-04:00,2021-07-28 15:59:00-04:00,L,15010.75,15005.75,14901.25,109.5,-12.0,-0.0547945205479452,time,1,L
2021-08-03 13:44:00-04:00,2021-08-03 13:44:00-04:00,2021-08-03 15:59:00-04:00,L,15014.5,15043.5,14848.5,166.0,56.0,0.1686746987951807,time,1,L
2021-08-04 12:59:00-04:00,2021-08-04 12:59:00-04:00,2021-08-04 15:59:00-04:00,L,15065.25,15068.25,14996.5,68.75,4.0,0.02909090909090909,time,1,L
2021-08-05 11:59:00-04:00,2021-08-05 11:59:00-04:00,2021-08-05 15:59:00-04:00,L,15148.25,15166.25,15072.5,75.75,34.0,0.22442244224422442,time,1,L
2021-08-09 11:59:00-04:00,2021-08-09 11:59:00-04:00,2021-08-09 15:59:00-04:00,L,15120.0,15122.5,15068.75,51.25,3.0,0.02926829268292683,time,1,L
2021-08-10 12:29:00-04:00,2021-08-10 12:29:00-04:00,2021-08-10 15:59:00-04:00,S,15073.25,15046.5,15157.5,84.25,51.5,0.3056379821958457,time,1,S
2021-08-11 11:59:00-04:00,2021-08-11 11:59:00-04:00,2021-08-11 15:59:00-04:00,S,14982.25,15022.5,15119.25,137.0,-82.5,-0.3010948905109489,time,1,S
2021-08-12 12:29:00-04:00,2021-08-12 12:29:00-04:00,2021-08-12 15:59:00-04:00,L,15047.75,15076.0,14940.75,107.0,54.5,0.2546728971962617,time,1,L
2021-08-13 10:29:00-04:00,2021-08-13 10:29:00-04:00,2021-08-13 15:59:00-04:00,L,15115.0,15126.0,15055.0,60.0,20.0,0.16666666666666666,time,1,L
2021-08-16 11:59:00-04:00,2021-08-16 11:59:00-04:00,2021-08-16 15:23:00-04:00,S,14989.25,15112.5,15112.25,123.0,-248.5,-1.0101626016260163,SL,1,S
2021-08-23 11:14:00-04:00,2021-08-23 11:14:00-04:00,2021-08-23 15:59:00-04:00,L,15271.75,15306.25,15116.5,155.25,67.0,0.21578099838969403,time,1,L
2021-08-24 10:59:00-04:00,2021-08-24 10:59:00-04:00,2021-08-24 15:59:00-04:00,L,15359.0,15356.0,15309.0,50.0,-8.0,-0.08,time,1,L
2021-08-25 09:59:00-04:00,2021-08-25 09:59:00-04:00,2021-08-25 10:50:00-04:00,L,15377.25,15333.0,15333.25,44.0,-90.5,-1.0284090909090908,SL,1,L
2021-08-27 12:29:00-04:00,2021-08-27 12:29:00-04:00,2021-08-27 15:59:00-04:00,L,15407.0,15424.25,15277.0,130.0,32.5,0.125,time,1,L
2021-08-30 10:59:00-04:00,2021-08-30 10:59:00-04:00,2021-08-30 15:59:00-04:00,L,15584.25,15599.0,15437.25,147.0,27.5,0.0935374149659864,time,1,L
2021-09-03 11:59:00-04:00,2021-09-03 11:59:00-04:00,2021-09-03 15:59:00-04:00,L,15632.25,15652.25,15554.25,78.0,38.0,0.24358974358974358,time,1,L
2021-09-06 09:59:00-04:00,2021-09-06 09:59:00-04:00,2021-09-06 12:49:00-04:00,L,15703.25,15699.5,15686.25,17.0,-9.5,-0.27941176470588236,time,1,L
2021-09-07 12:29:00-04:00,2021-09-07 12:29:00-04:00,2021-09-07 15:59:00-04:00,L,15691.0,15673.5,15606.75,84.25,-37.0,-0.2195845697329377,time,1,L
2021-09-08 09:59:00-04:00,2021-09-08 09:59:00-04:00,2021-09-08 10:38:00-04:00,S,15634.75,15570.75,15678.0,43.25,126.0,1.4566473988439306,TP,1,S
2021-09-10 11:59:00-04:00,2021-09-10 11:59:00-04:00,2021-09-10 15:59:00-04:00,S,15543.25,15446.5,15667.75,124.5,191.5,0.7690763052208835,time,1,S
2021-09-15 11:59:00-04:00,2021-09-15 11:59:00-04:00,2021-09-15 12:55:00-04:00,S,15359.25,15433.75,15433.5,74.25,-151.0,-1.0168350168350169,SL,1,S
2021-09-17 10:59:00-04:00,2021-09-17 10:59:00-04:00,2021-09-17 15:59:00-04:00,S,15348.5,15322.25,15513.75,165.25,50.5,0.15279878971255673,time,1,S
2021-09-21 14:44:00-04:00,2021-09-21 14:44:00-04:00,2021-09-21 15:59:00-04:00,S,15040.75,15018.75,15118.0,77.25,42.0,0.27184466019417475,time,1,S
2021-09-22 11:59:00-04:00,2021-09-22 11:59:00-04:00,2021-09-22 15:59:00-04:00,L,15176.75,15161.5,15014.5,162.25,-32.5,-0.10015408320493066,time,1,L
2021-09-23 11:29:00-04:00,2021-09-23 11:29:00-04:00,2021-09-23 15:59:00-04:00,L,15293.25,15299.25,15175.25,118.0,10.0,0.0423728813559322,time,1,L
2021-09-28 11:59:00-04:00,2021-09-28 11:59:00-04:00,2021-09-28 15:59:00-04:00,S,14805.0,14764.75,15031.5,226.5,78.5,0.17328918322295805,time,1,S
2021-09-30 12:14:00-04:00,2021-09-30 12:14:00-04:00,2021-09-30 15:59:00-04:00,S,14705.5,14676.5,14879.0,173.5,56.0,0.16138328530259366,time,1,S
2021-10-01 10:44:00-04:00,2021-10-01 10:44:00-04:00,2021-10-01 14:06:00-04:00,S,14546.0,14743.75,14743.5,197.5,-397.5,-1.0063291139240507,SL,1,S
2021-10-04 11:14:00-04:00,2021-10-04 11:14:00-04:00,2021-10-04 15:59:00-04:00,S,14457.0,14467.5,14735.75,278.75,-23.0,-0.04125560538116592,time,1,S
2021-10-07 11:59:00-04:00,2021-10-07 11:59:00-04:00,2021-10-07 15:59:00-04:00,L,14999.0,14886.0,14859.0,140.0,-228.0,-0.8142857142857143,time,1,L
2021-10-11 10:29:00-04:00,2021-10-11 10:29:00-04:00,2021-10-11 15:59:00-04:00,L,14890.75,14699.75,14681.0,209.75,-384.0,-0.9153754469606674,time,1,L
2021-10-13 11:14:00-04:00,2021-10-13 11:14:00-04:00,2021-10-13 15:59:00-04:00,L,14713.75,14766.25,14648.0,65.75,103.0,0.7832699619771863,time,1,L
2021-10-15 12:44:00-04:00,2021-10-15 12:44:00-04:00,2021-10-15 15:59:00-04:00,L,15097.25,15135.25,15044.25,53.0,74.0,0.6981132075471698,time,1,L
2021-10-19 11:59:00-04:00,2021-10-19 11:59:00-04:00,2021-10-19 15:59:00-04:00,L,15383.25,15400.0,15302.0,81.25,31.5,0.19384615384615383,time,1,L
2021-10-21 10:44:00-04:00,2021-10-21 10:44:00-04:00,2021-10-21 15:59:00-04:00,L,15435.25,15475.0,15313.25,122.0,77.5,0.3176229508196721,time,1,L
2021-10-22 12:59:00-04:00,2021-10-22 12:59:00-04:00,2021-10-22 15:59:00-04:00,S,15340.0,15342.25,15464.0,124.0,-6.5,-0.02620967741935484,time,1,S
2021-10-25 11:59:00-04:00,2021-10-25 11:59:00-04:00,2021-10-25 15:59:00-04:00,L,15436.5,15501.0,15322.0,114.5,127.0,0.5545851528384279,time,1,L
2021-10-26 09:44:00-04:00,2021-10-26 09:44:00-04:00,2021-10-26 12:04:00-04:00,L,15646.5,15576.25,15576.5,70.0,-142.5,-1.0178571428571428,SL,1,L
2021-10-27 09:44:00-04:00,2021-10-27 09:44:00-04:00,2021-10-27 15:59:00-04:00,L,15625.0,15584.75,15511.5,113.5,-82.5,-0.3634361233480176,time,1,L
2021-10-28 11:59:00-04:00,2021-10-28 11:59:00-04:00,2021-10-28 15:59:00-04:00,L,15722.75,15761.25,15635.5,87.25,75.0,0.4297994269340974,time,1,L
2021-11-02 09:44:00-04:00,2021-11-02 09:44:00-04:00,2021-11-02 15:59:00-04:00,L,15948.25,15961.75,15860.0,88.25,25.0,0.141643059490085,time,1,L
2021-11-04 11:59:00-04:00,2021-11-04 11:59:00-04:00,2021-11-04 15:59:00-04:00,L,16297.0,16334.5,16156.75,140.25,73.0,0.26024955436720143,time,1,L
2021-11-08 14:44:00-05:00,2021-11-08 14:44:00-05:00,2021-11-08 15:46:00-05:00,L,16361.0,16312.0,16312.25,48.75,-100.0,-1.0256410256410255,SL,1,L
2021-11-09 11:59:00-05:00,2021-11-09 11:59:00-05:00,2021-11-09 15:59:00-05:00,S,16235.75,16217.5,16392.0,156.25,34.5,0.1104,time,1,S
2021-11-10 13:14:00-05:00,2021-11-10 13:14:00-05:00,2021-11-10 15:59:00-05:00,S,16044.25,15978.5,16195.75,151.5,129.5,0.4273927392739274,time,1,S
2021-11-12 12:14:00-05:00,2021-11-12 12:14:00-05:00,2021-11-12 15:59:00-05:00,L,16192.5,16189.5,16001.5,191.0,-8.0,-0.020942408376963352,time,1,L
2021-11-16 11:44:00-05:00,2021-11-16 11:44:00-05:00,2021-11-16 15:59:00-05:00,L,16285.25,16304.5,16142.25,143.0,36.5,0.12762237762237763,time,1,L
2021-11-17 12:14:00-05:00,2021-11-17 12:14:00-05:00,2021-11-17 15:59:00-05:00,L,16359.25,16313.0,16269.5,89.75,-94.5,-0.5264623955431755,time,1,L
2021-11-18 12:44:00-05:00,2021-11-18 12:44:00-05:00,2021-11-18 15:59:00-05:00,L,16469.0,16481.0,16303.5,165.5,22.0,0.06646525679758308,time,1,L
2021-11-22 12:44:00-05:00,2021-11-22 12:44:00-05:00,2021-11-22 15:59:00-05:00,S,16553.5,16384.0,16767.75,214.25,337.0,0.7864644107351225,time,1,S
2021-11-23 12:14:00-05:00,2021-11-23 12:14:00-05:00,2021-11-23 15:59:00-05:00,S,16175.5,16305.75,16419.0,243.5,-262.5,-0.5390143737166324,time,1,S
2021-11-26 11:59:00-05:00,2021-11-26 11:59:00-05:00,2021-11-26 13:04:00-05:00,S,16077.25,16051.75,16307.75,230.5,49.0,0.10629067245119306,time,1,S
2021-11-30 12:29:00-05:00,2021-11-30 12:29:00-05:00,2021-11-30 15:59:00-05:00,S,16135.5,16150.25,16456.75,321.25,-31.5,-0.0490272373540856,time,1,S
2021-12-01 13:44:00-05:00,2021-12-01 13:44:00-05:00,2021-12-01 15:59:00-05:00,S,16203.25,15867.0,16428.0,224.75,670.5,1.4916573971078977,TP,1,S
2021-12-03 10:59:00-05:00,2021-12-03 10:59:00-05:00,2021-12-03 15:59:00-05:00,S,15688.25,15717.0,16122.0,433.75,-59.5,-0.0685878962536023,time,1,S
2021-12-07 11:44:00-05:00,2021-12-07 11:44:00-05:00,2021-12-07 15:59:00-05:00,L,16309.25,16320.75,16097.5,211.75,21.0,0.049586776859504134,time,1,L
2021-12-09 09:44:00-05:00,2021-12-09 09:44:00-05:00,2021-12-09 10:24:00-05:00,L,16398.0,16308.25,16308.5,89.5,-181.5,-1.0139664804469273,SL,1,L
2021-12-09 12:14:00-05:00,2021-12-09 12:14:00-05:00,2021-12-09 15:59:00-05:00,S,16286.25,16148.5,16414.5,128.25,273.5,1.0662768031189085,time,1,S
2021-12-10 13:59:00-05:00,2021-12-10 13:59:00-05:00,2021-12-10 15:59:00-05:00,L,16266.0,16325.5,16172.25,93.75,117.0,0.624,time,1,L
2021-12-15 10:59:00-05:00,2021-12-15 10:59:00-05:00,2021-12-15 14:12:00-05:00,S,15848.0,15968.75,15968.5,120.5,-243.5,-1.0103734439834025,SL,1,S
2021-12-20 12:14:00-05:00,2021-12-20 12:14:00-05:00,2021-12-20 15:59:00-05:00,S,15540.0,15625.5,15658.75,118.75,-173.0,-0.728421052631579,time,1,S
2021-12-21 10:14:00-05:00,2021-12-21 10:14:00-05:00,2021-12-21 12:17:00-05:00,S,15671.75,15820.5,15820.25,148.5,-299.5,-1.0084175084175084,SL,1,S
2021-12-21 12:59:00-05:00,2021-12-21 12:59:00-05:00,2021-12-21 15:59:00-05:00,L,15865.25,15973.25,15605.0,260.25,214.0,0.4111431316042267,time,1,L
2021-12-30 11:59:00-05:00,2021-12-30 11:59:00-05:00,2021-12-30 15:45:00-05:00,L,16544.5,16449.0,16449.25,95.25,-193.0,-1.0131233595800524,SL,1,L
2021-12-31 11:59:00-05:00,2021-12-31 11:59:00-05:00,2021-12-31 15:59:00-05:00,S,16372.5,16325.0,16464.25,91.75,93.0,0.5068119891008175,time,1,S
2022-01-05 12:29:00-05:00,2022-01-05 12:29:00-05:00,2022-01-05 14:33:00-05:00,S,16130.5,15955.25,16248.0,117.5,348.5,1.4829787234042553,TP,1,S
2022-01-07 12:14:00-05:00,2022-01-07 12:14:00-05:00,2022-01-07 15:59:00-05:00,S,15643.25,15585.25,15828.25,185.0,114.0,0.3081081081081081,time,1,S
2022-01-11 11:59:00-05:00,2022-01-11 11:59:00-05:00,2022-01-11 15:59:00-05:00,L,15820.0,15831.75,15474.25,345.75,21.5,0.03109182935647144,time,1,L
2022-01-12 13:44:00-05:00,2022-01-12 13:44:00-05:00,2022-01-12 15:59:00-05:00,L,15903.5,15895.25,15803.25,100.25,-18.5,-0.09226932668329177,time,1,L
2022-01-13 11:59:00-05:00,2022-01-13 11:59:00-05:00,2022-01-13 15:39:00-05:00,S,15800.25,15532.25,15979.5,179.25,534.0,1.4895397489539748,TP,1,S
2022-01-18 12:29:00-05:00,2022-01-18 12:29:00-05:00,2022-01-18 15:59:00-05:00,S,15287.75,15214.25,15435.25,147.5,145.0,0.4915254237288136,time,1,S
2022-01-19 14:29:00-05:00,2022-01-19 14:29:00-05:00,2022-01-19 15:59:00-05:00,S,15157.0,15037.75,15317.75,160.75,236.5,0.7356143079315708,time,1,S
2022-01-21 13:59:00-05:00,2022-01-21 13:59:00-05:00,2022-01-21 15:59:00-05:00,S,14608.0,14414.5,14831.5,223.5,385.0,0.8612975391498882,time,1,S
2022-01-26 13:14:00-05:00,2022-01-26 13:14:00-05:00,2022-01-26 14:45:00-05:00,L,14510.5,14325.25,14325.5,185.0,-372.5,-1.0067567567567568,SL,1,L
2022-01-31 09:44:00-05:00,2022-01-31 09:44:00-05:00,2022-01-31 14:08:00-05:00,L,14559.5,14799.0,14399.25,160.25,477.0,1.4882995319812793,TP,1,L
2022-02-03 12:59:00-05:00,2022-02-03 12:59:00-05:00,2022-02-03 15:59:00-05:00,S,14668.5,14503.75,14843.25,174.75,327.5,0.9370529327610873,time,1,S
2022-02-07 12:14:00-05:00,2022-02-07 12:14:00-05:00,2022-02-07 15:59:00-05:00,S,14602.5,14566.25,14806.75,204.25,70.5,0.17258261933904528,time,1,S
2022-02-08 12:29:00-05:00,2022-02-08 12:29:00-05:00,2022-02-08 15:59:00-05:00,L,14700.25,14733.0,14467.5,232.75,63.5,0.1364124597207304,time,1,L
2022-02-09 12:44:00-05:00,2022-02-09 12:44:00-05:00,2022-02-09 15:59:00-05:00,L,14979.75,15042.5,14852.25,127.5,123.5,0.4843137254901961,time,1,L
2022-02-10 13:29:00-05:00,2022-02-10 13:29:00-05:00,2022-02-10 15:59:00-05:00,S,14778.5,14702.5,14978.5,200.0,150.0,0.375,time,1,S
2022-02-11 12:14:00-05:00,2022-02-11 12:14:00-05:00,2022-02-11 13:46:00-05:00,S,14584.25,14311.0,14767.0,182.75,544.5,1.4897400820793434,TP,1,S
2022-02-15 12:44:00-05:00,2022-02-15 12:44:00-05:00,2022-02-15 12:47:00-05:00,L,14469.5,14450.75,14451.0,18.5,-39.5,-1.0675675675675675,SL,1,L
2022-02-17 10:29:00-05:00,2022-02-17 10:29:00-05:00,2022-02-17 15:59:00-05:00,S,14342.25,14165.5,14565.0,222.75,351.5,0.7890011223344556,time,1,S
2022-03-02 10:14:00-05:00,2022-03-02 10:14:00-05:00,2022-03-02 11:04:00-05:00,S,13971.25,14130.25,14130.0,158.75,-320.0,-1.0078740157480315,SL,1,S
2022-03-02 12:44:00-05:00,2022-03-02 12:44:00-05:00,2022-03-02 15:59:00-05:00,L,14198.25,14236.75,13950.5,247.75,75.0,0.15136226034308778,time,1,L
2022-03-03 11:29:00-05:00,2022-03-03 11:29:00-05:00,2022-03-03 15:59:00-05:00,S,14102.0,14035.5,14391.5,289.5,131.0,0.22625215889464595,time,1,S
2022-03-04 10:59:00-05:00,2022-03-04 10:59:00-05:00,2022-03-04 15:59:00-05:00,S,13781.5,13834.25,14009.75,228.25,-107.5,-0.23548740416210295,time,1,S
2022-03-07 11:59:00-05:00,2022-03-07 11:59:00-05:00,2022-03-07 15:59:00-05:00,S,13557.0,13320.75,13880.0,323.0,470.5,0.728328173374613,time,1,S
2022-03-18 09:44:00-04:00,2022-03-18 09:44:00-04:00,2022-03-18 10:10:00-04:00,L,14068.0,14203.75,13977.0,91.0,269.5,1.4807692307692308,TP,1,L
2022-03-22 10:44:00-04:00,2022-03-22 10:44:00-04:00,2022-03-22 15:59:00-04:00,L,14616.25,14654.75,14361.75,254.5,75.0,0.14734774066797643,time,1,L
2022-03-24 12:59:00-04:00,2022-03-24 12:59:00-04:00,2022-03-24 15:59:00-04:00,L,14632.5,14766.5,14433.0,199.5,266.0,0.6666666666666666,time,1,L
2022-03-28 14:44:00-04:00,2022-03-28 14:44:00-04:00,2022-03-28 15:59:00-04:00,L,14881.75,14986.75,14700.75,181.0,208.0,0.574585635359116,time,1,L
2022-03-29 12:59:00-04:00,2022-03-29 12:59:00-04:00,2022-03-29 15:34:00-04:00,L,15125.25,15261.75,15033.75,91.5,271.0,1.4808743169398908,TP,1,L
2022-04-07 12:29:00-04:00,2022-04-07 12:29:00-04:00,2022-04-07 15:11:00-04:00,S,14379.5,14608.75,14608.5,229.0,-460.5,-1.005458515283843,SL,1,S
2022-04-13 11:59:00-04:00,2022-04-13 11:59:00-04:00,2022-04-13 15:59:00-04:00,L,14153.5,14221.5,13921.25,232.25,134.0,0.2884822389666308,time,1,L
2022-04-19 09:59:00-04:00,2022-04-19 09:59:00-04:00,2022-04-19 15:59:00-04:00,L,14015.0,14212.0,13833.5,181.5,392.0,1.0798898071625345,time,1,L
2022-04-21 11:59:00-04:00,2022-04-21 11:59:00-04:00,2022-04-21 15:59:00-04:00,S,13964.5,13721.5,14283.25,318.75,484.0,0.7592156862745097,time,1,S
2022-04-22 10:44:00-04:00,2022-04-22 10:44:00-04:00,2022-04-22 15:51:00-04:00,S,13615.5,13370.75,13779.25,163.75,487.5,1.4885496183206106,TP,1,S
2022-04-28 12:59:00-04:00,2022-04-28 12:59:00-04:00,2022-04-28 15:59:00-04:00,L,13356.5,13462.75,13033.25,323.25,210.5,0.32559938128383603,time,1,L
2022-04-29 12:14:00-04:00,2022-04-29 12:14:00-04:00,2022-04-29 15:59:00-04:00,S,13126.5,12857.0,13433.75,307.25,537.0,0.8738812042310822,time,1,S
2022-05-02 12:59:00-04:00,2022-05-02 12:59:00-04:00,2022-05-02 15:50:00-04:00,S,12810.5,13044.75,13044.5,234.0,-470.5,-1.0053418803418803,SL,1,S
2022-05-04 09:59:00-04:00,2022-05-04 09:59:00-04:00,2022-05-04 13:58:00-04:00,S,13018.0,13155.0,13154.75,136.75,-276.0,-1.0091407678244972,SL,1,S
2022-05-04 13:59:00-04:00,2022-05-04 13:59:00-04:00,2022-05-04 15:50:00-04:00,L,13145.25,13539.75,12881.75,263.5,787.0,1.4933586337760911,TP,1,L
2022-05-09 11:59:00-04:00,2022-05-09 11:59:00-04:00,2022-05-09 15:59:00-04:00,S,12325.0,12197.0,12555.75,230.75,254.0,0.5503791982665223,time,1,S
2022-05-11 09:59:00-04:00,2022-05-11 09:59:00-04:00,2022-05-11 12:57:00-04:00,S,12386.75,12136.75,12554.0,167.25,498.0,1.4887892376681615,TP,1,S
2022-05-12 13:44:00-04:00,2022-05-12 13:44:00-04:00,2022-05-12 15:59:00-04:00,S,11773.0,11948.25,12085.0,312.0,-352.5,-0.5649038461538461,time,1,S
2022-05-13 11:59:00-04:00,2022-05-13 11:59:00-04:00,2022-05-13 15:59:00-04:00,L,12360.0,12384.5,12064.5,295.5,47.0,0.07952622673434856,time,1,L
2022-05-16 10:59:00-04:00,2022-05-16 10:59:00-04:00,2022-05-16 15:59:00-04:00,S,12207.75,12247.5,12413.75,206.0,-81.5,-0.19781553398058252,time,1,S
2022-05-17 13:29:00-04:00,2022-05-17 13:29:00-04:00,2022-05-17 15:59:00-04:00,L,12487.75,12563.25,12354.0,133.75,149.0,0.5570093457943925,time,1,L
2022-05-23 12:29:00-04:00,2022-05-23 12:29:00-04:00,2022-05-23 15:59:00-04:00,L,12014.0,12034.5,11783.5,230.5,39.0,0.08459869848156182,time,1,L
2022-05-24 09:59:00-04:00,2022-05-24 09:59:00-04:00,2022-05-24 15:59:00-04:00,S,11678.25,11782.25,11876.75,198.5,-210.0,-0.5289672544080605,time,1,S
2022-05-25 10:59:00-04:00,2022-05-25 10:59:00-04:00,2022-05-25 15:59:00-04:00,L,11880.25,11949.5,11670.75,209.5,136.5,0.32577565632458233,time,1,L
2022-06-01 12:14:00-04:00,2022-06-01 12:14:00-04:00,2022-06-01 15:59:00-04:00,S,12488.75,12549.75,12823.5,334.75,-124.0,-0.18521284540702015,time,1,S
2022-06-02 11:59:00-04:00,2022-06-02 11:59:00-04:00,2022-06-02 15:59:00-04:00,L,12692.75,12893.5,12442.0,250.75,399.5,0.7966101694915254,time,1,L
2022-06-06 12:29:00-04:00,2022-06-06 12:29:00-04:00,2022-06-06 15:59:00-04:00,S,12557.75,12600.5,12810.75,253.0,-87.5,-0.17292490118577075,time,1,S
2022-06-07 11:59:00-04:00,2022-06-07 11:59:00-04:00,2022-06-07 15:59:00-04:00,L,12615.75,12710.75,12411.75,204.0,188.0,0.46078431372549017,time,1,L
2022-06-08 11:59:00-04:00,2022-06-08 11:59:00-04:00,2022-06-08 12:39:00-04:00,L,12727.0,12627.0,12627.25,99.75,-202.0,-1.012531328320802,SL,1,L
2022-06-08 12:44:00-04:00,2022-06-08 12:44:00-04:00,2022-06-08 15:59:00-04:00,S,12614.0,12619.25,12774.75,160.75,-12.5,-0.038880248833592534,time,1,S
2022-06-10 10:44:00-04:00,2022-06-10 10:44:00-04:00,2022-06-10 15:59:00-04:00,S,11907.5,11837.5,12332.25,424.75,138.0,0.16244849911712772,time,1,S
2022-06-13 10:14:00-04:00,2022-06-13 10:14:00-04:00,2022-06-13 15:59:00-04:00,S,11441.25,11296.0,11575.25,134.0,288.5,1.0764925373134329,time,1,S
2022-06-17 13:14:00-04:00,2022-06-17 13:14:00-04:00,2022-06-17 15:59:00-04:00,L,11381.0,11292.25,11120.0,261.0,-179.5,-0.3438697318007663,time,1,L
2022-06-20 12:14:00-04:00,2022-06-20 12:14:00-04:00,2022-06-20 12:49:00-04:00,L,11415.5,11428.0,11332.75,82.75,23.0,0.13897280966767372,time,1,L
2022-06-21 10:29:00-04:00,2022-06-21 10:29:00-04:00,2022-06-21 15:59:00-04:00,L,11639.0,11579.0,11442.0,197.0,-122.0,-0.3096446700507614,time,1,L
2022-06-23 12:14:00-04:00,2022-06-23 12:14:00-04:00,2022-06-23 15:47:00-04:00,L,11623.5,11743.75,11542.75,80.75,238.5,1.4767801857585139,TP,1,L
2022-06-24 10:29:00-04:00,2022-06-24 10:29:00-04:00,2022-06-24 15:59:00-04:00,L,12047.0,12147.0,11812.25,234.75,198.0,0.4217252396166134,time,1,L
2022-06-28 11:59:00-04:00,2022-06-28 11:59:00-04:00,2022-06-28 15:59:00-04:00,S,11790.75,11674.0,12174.5,383.75,231.5,0.301628664495114,time,1,S
2022-07-01 14:59:00-04:00,2022-07-01 14:59:00-04:00,2022-07-01 15:59:00-04:00,L,11579.0,11612.5,11431.75,147.25,65.0,0.22071307300509338,time,1,L
2022-07-06 10:29:00-04:00,2022-07-06 10:29:00-04:00,2022-07-06 15:18:00-04:00,L,11819.5,11955.75,11728.0,91.5,270.5,1.4781420765027322,TP,1,L
2022-07-08 11:14:00-04:00,2022-07-08 11:14:00-04:00,2022-07-08 15:59:00-04:00,L,12169.75,12155.0,11952.5,217.25,-31.5,-0.07249712313003452,time,1,L
2022-07-11 09:44:00-04:00,2022-07-11 09:44:00-04:00,2022-07-11 15:59:00-04:00,S,11907.0,11891.0,12078.5,171.5,30.0,0.08746355685131195,time,1,S
2022-07-15 10:59:00-04:00,2022-07-15 10:59:00-04:00,2022-07-15 15:59:00-04:00,L,11946.0,12007.75,11740.75,205.25,121.5,0.29598051157125455,time,1,L
2022-07-18 11:59:00-04:00,2022-07-18 11:59:00-04:00,2022-07-18 13:33:00-04:00,L,12180.25,12089.5,12089.75,90.5,-183.5,-1.0138121546961325,SL,1,L
2022-07-20 10:44:00-04:00,2022-07-20 10:44:00-04:00,2022-07-20 15:59:00-04:00,L,12425.5,12465.75,12235.75,189.75,78.5,0.20685111989459815,time,1,L
2022-07-21 12:44:00-04:00,2022-07-21 12:44:00-04:00,2022-07-21 15:59:00-04:00,L,12604.5,12645.0,12373.25,231.25,79.0,0.17081081081081081,time,1,L
2022-07-22 12:14:00-04:00,2022-07-22 12:14:00-04:00,2022-07-22 15:59:00-04:00,S,12420.5,12424.0,12697.25,276.75,-9.0,-0.016260162601626018,time,1,S
2022-07-27 09:44:00-04:00,2022-07-27 09:44:00-04:00,2022-07-27 14:36:00-04:00,L,12368.75,12523.75,12264.75,104.0,308.0,1.4807692307692308,TP,1,L
2022-07-28 12:59:00-04:00,2022-07-28 12:59:00-04:00,2022-07-28 15:59:00-04:00,L,12644.0,12738.25,12449.0,195.0,186.5,0.4782051282051282,time,1,L
2022-08-01 11:59:00-04:00,2022-08-01 11:59:00-04:00,2022-08-01 15:59:00-04:00,L,13078.5,12962.25,12851.0,227.5,-234.5,-0.5153846153846153,time,1,L
2022-08-08 12:29:00-04:00,2022-08-08 12:29:00-04:00,2022-08-08 15:59:00-04:00,S,13171.5,13181.75,13419.75,248.25,-22.5,-0.045317220543806644,time,1,S
2022-08-19 11:59:00-04:00,2022-08-19 11:59:00-04:00,2022-08-19 15:59:00-04:00,S,13267.5,13263.5,13425.5,158.0,6.0,0.0189873417721519,time,1,S
2022-08-23 09:44:00-04:00,2022-08-23 09:44:00-04:00,2022-08-23 09:50:00-04:00,S,12866.75,12952.5,12952.25,85.5,-173.5,-1.0146198830409356,SL,1,S
2022-08-24 11:59:00-04:00,2022-08-24 11:59:00-04:00,2022-08-24 15:59:00-04:00,L,12990.5,12933.75,12852.0,138.5,-115.5,-0.41696750902527074,time,1,L
2022-08-25 13:44:00-04:00,2022-08-25 13:44:00-04:00,2022-08-25 15:59:00-04:00,L,13081.5,13158.25,12996.75,84.75,151.5,0.8938053097345132,time,1,L
2022-08-26 11:29:00-04:00,2022-08-26 11:29:00-04:00,2022-08-26 15:59:00-04:00,S,12828.25,12619.5,13220.25,392.0,415.5,0.5299744897959183,time,1,S
2022-08-31 12:14:00-04:00,2022-08-31 12:14:00-04:00,2022-08-31 15:59:00-04:00,S,12378.0,12282.0,12513.25,135.25,190.0,0.7024029574861368,time,1,S
2022-09-01 10:14:00-04:00,2022-09-01 10:14:00-04:00,2022-09-01 15:12:00-04:00,S,12115.25,12238.25,12238.0,122.75,-248.0,-1.010183299389002,SL,1,S
2022-09-02 12:59:00-04:00,2022-09-02 12:59:00-04:00,2022-09-02 15:59:00-04:00,S,12234.75,12110.5,12462.25,227.5,246.5,0.5417582417582417,time,1,S
2022-09-06 13:14:00-04:00,2022-09-06 13:14:00-04:00,2022-09-06 15:59:00-04:00,S,11982.75,12021.75,12144.0,161.25,-80.0,-0.24806201550387597,time,1,S
2022-09-07 09:44:00-04:00,2022-09-07 09:44:00-04:00,2022-09-07 15:09:00-04:00,L,12102.25,12289.25,11977.0,125.25,372.0,1.4850299401197604,TP,1,L
2022-09-08 11:59:00-04:00,2022-09-08 11:59:00-04:00,2022-09-08 15:59:00-04:00,L,12316.5,12326.0,12116.75,199.75,17.0,0.0425531914893617,time,1,L
2022-09-09 11:44:00-04:00,2022-09-09 11:44:00-04:00,2022-09-09 15:59:00-04:00,L,12567.5,12590.0,12405.75,161.75,43.0,0.13292117465224113,time,1,L
2022-09-12 10:44:00-04:00,2022-09-12 10:44:00-04:00,2022-09-12 15:59:00-04:00,L,12719.0,12742.5,12610.25,108.75,45.0,0.20689655172413793,time,1,L
2022-09-13 10:59:00-04:00,2022-09-13 10:59:00-04:00,2022-09-13 15:59:00-04:00,S,12228.0,12040.5,12889.25,661.25,373.0,0.2820415879017013,time,1,S
2022-09-20 14:29:00-04:00,2022-09-20 14:29:00-04:00,2022-09-20 15:59:00-04:00,S,11881.5,11926.0,12023.25,141.75,-91.0,-0.32098765432098764,time,1,S
2022-09-23 11:44:00-04:00,2022-09-23 11:44:00-04:00,2022-09-23 15:59:00-04:00,S,11358.0,11374.25,11482.0,124.0,-34.5,-0.13911290322580644,time,1,S
2022-09-27 11:59:00-04:00,2022-09-27 11:59:00-04:00,2022-09-27 15:59:00-04:00,S,11344.0,11333.0,11568.25,224.25,20.0,0.044593088071348944,time,1,S
2022-09-30 13:59:00-04:00,2022-09-30 13:59:00-04:00,2022-09-30 15:59:00-04:00,S,11160.25,11029.0,11340.5,180.25,260.5,0.7226074895977809,time,1,S
2022-10-07 10:59:00-04:00,2022-10-07 10:59:00-04:00,2022-10-07 15:59:00-04:00,S,11236.25,11099.25,11577.25,341.0,272.0,0.39882697947214074,time,1,S
2022-10-10 11:44:00-04:00,2022-10-10 11:44:00-04:00,2022-10-10 15:59:00-04:00,S,10976.0,10981.0,11136.75,160.75,-12.0,-0.03732503888024884,time,1,S
2022-10-11 10:59:00-04:00,2022-10-11 10:59:00-04:00,2022-10-11 11:49:00-04:00,S,10846.0,10992.0,10991.75,145.75,-294.0,-1.0085763293310464,SL,1,S
2022-10-13 10:44:00-04:00,2022-10-13 10:44:00-04:00,2022-10-13 11:38:00-04:00,S,10648.25,11035.5,11035.25,387.0,-776.5,-1.0032299741602067,SL,1,S
2022-10-13 11:59:00-04:00,2022-10-13 11:59:00-04:00,2022-10-13 15:59:00-04:00,L,11005.0,11081.5,10484.25,520.75,151.0,0.14498319731156986,time,1,L
2022-10-14 11:14:00-04:00,2022-10-14 11:14:00-04:00,2022-10-14 15:59:00-04:00,S,10888.25,10747.75,11254.0,365.75,279.0,0.3814080656185919,time,1,S
2022-10-19 12:59:00-04:00,2022-10-19 12:59:00-04:00,2022-10-19 15:59:00-04:00,S,11120.25,11155.0,11284.75,164.5,-71.5,-0.21732522796352582,time,1,S
2022-10-20 13:59:00-04:00,2022-10-20 13:59:00-04:00,2022-10-20 15:59:00-04:00,S,11095.5,11087.5,11313.0,217.5,14.0,0.03218390804597701,time,1,S
2022-10-21 10:59:00-04:00,2022-10-21 10:59:00-04:00,2022-10-21 14:10:00-04:00,L,11089.5,11317.75,10936.75,152.75,454.5,1.4877250409165304,TP,1,L
2022-10-24 12:44:00-04:00,2022-10-24 12:44:00-04:00,2022-10-24 15:59:00-04:00,L,11431.25,11479.75,11207.5,223.75,95.0,0.2122905027932961,time,1,L
2022-10-26 11:59:00-04:00,2022-10-26 11:59:00-04:00,2022-10-26 15:59:00-04:00,L,11666.75,11453.0,11432.75,234.0,-429.5,-0.9177350427350427,time,1,L
2022-10-27 11:59:00-04:00,2022-10-27 11:59:00-04:00,2022-10-27 15:59:00-04:00,S,11290.75,11241.5,11464.75,174.0,96.5,0.27729885057471265,time,1,S
2022-10-28 10:59:00-04:00,2022-10-28 10:59:00-04:00,2022-10-28 15:59:00-04:00,L,11461.75,11584.0,11069.75,392.0,242.5,0.3093112244897959,time,1,L
2022-11-01 11:59:00-04:00,2022-11-01 11:59:00-04:00,2022-11-01 15:59:00-04:00,S,11364.25,11331.0,11619.25,255.0,64.5,0.1264705882352941,time,1,S
2022-11-04 13:14:00-04:00,2022-11-04 13:14:00-04:00,2022-11-04 15:59:00-04:00,S,10730.5,10893.5,10949.0,218.5,-328.0,-0.7505720823798627,time,1,S
2022-11-07 14:14:00-05:00,2022-11-07 14:14:00-05:00,2022-11-07 15:59:00-05:00,L,10965.75,11013.75,10850.25,115.5,94.0,0.4069264069264069,time,1,L
2022-11-08 12:14:00-05:00,2022-11-08 12:14:00-05:00,2022-11-08 14:21:00-05:00,L,11189.25,11006.0,11006.25,183.0,-368.5,-1.0068306010928962,SL,1,L
2022-11-10 10:59:00-05:00,2022-11-10 10:59:00-05:00,2022-11-10 15:59:00-05:00,L,11448.25,11628.0,10808.75,639.5,357.5,0.2795152462861611,time,1,L
2022-11-14 12:14:00-05:00,2022-11-14 12:14:00-05:00,2022-11-14 15:59:00-05:00,L,11828.0,11742.0,11701.75,126.25,-174.0,-0.689108910891089,time,1,L
2022-11-18 11:44:00-05:00,2022-11-18 11:44:00-05:00,2022-11-18 15:59:00-05:00,S,11680.25,11708.0,11844.25,164.0,-57.5,-0.17530487804878048,time,1,S
2022-11-21 12:14:00-05:00,2022-11-21 12:14:00-05:00,2022-11-21 15:59:00-05:00,S,11575.5,11587.5,11700.0,124.5,-26.0,-0.10441767068273092,time,1,S
2022-11-22 11:59:00-05:00,2022-11-22 11:59:00-05:00,2022-11-22 15:59:00-05:00,L,11644.0,11751.5,11527.25,116.75,213.0,0.9122055674518201,time,1,L
2022-11-23 11:14:00-05:00,2022-11-23 11:14:00-05:00,2022-11-23 15:59:00-05:00,L,11878.0,11868.0,11737.75,140.25,-22.0,-0.0784313725490196,time,1,L
2022-11-24 12:29:00-05:00,2022-11-24 12:29:00-05:00,2022-11-24 12:49:00-05:00,L,11920.0,11921.75,11904.75,15.25,1.5,0.04918032786885246,time,1,L
2022-11-28 12:14:00-05:00,2022-11-28 12:14:00-05:00,2022-11-28 15:59:00-05:00,S,11677.25,11611.25,11788.5,111.25,130.0,0.5842696629213483,time,1,S
2022-11-30 14:44:00-05:00,2022-11-30 14:44:00-05:00,2022-11-30 15:59:00-05:00,L,11868.0,12051.75,11497.75,370.25,365.5,0.49358541525995947,time,1,L
2022-12-01 14:44:00-05:00,2022-12-01 14:44:00-05:00,2022-12-01 15:59:00-05:00,L,12055.25,12059.5,11995.5,59.75,6.5,0.05439330543933055,time,1,L
2022-12-02 10:29:00-05:00,2022-12-02 10:29:00-05:00,2022-12-02 15:59:00-05:00,S,11906.75,12013.25,12068.25,161.5,-215.0,-0.6656346749226006,time,1,S
2022-12-06 09:59:00-05:00,2022-12-06 09:59:00-05:00,2022-12-06 15:59:00-05:00,S,11664.5,11562.75,11846.25,181.75,201.5,0.5543328748280605,time,1,S
2022-12-08 12:14:00-05:00,2022-12-08 12:14:00-05:00,2022-12-08 15:59:00-05:00,L,11628.5,11645.5,11476.75,151.75,32.0,0.10543657331136738,time,1,L
2022-12-13 10:44:00-05:00,2022-12-13 10:44:00-05:00,2022-12-13 15:59:00-05:00,L,11975.5,11840.0,11675.25,300.25,-273.0,-0.4546211490424646,time,1,L
2022-12-16 12:14:00-05:00,2022-12-16 12:14:00-05:00,2022-12-16 15:59:00-05:00,S,11300.25,11342.25,11491.75,191.5,-86.0,-0.2245430809399478,time,1,S
2022-12-20 09:44:00-05:00,2022-12-20 09:44:00-05:00,2022-12-20 10:00:00-05:00,S,11083.75,11179.5,11179.25,95.5,-193.5,-1.013089005235602,SL,1,S
2022-12-21 11:59:00-05:00,2022-12-21 11:59:00-05:00,2022-12-21 15:59:00-05:00,L,11329.0,11336.0,11180.75,148.25,12.0,0.04047217537942664,time,1,L
2022-12-23 12:59:00-05:00,2022-12-23 12:59:00-05:00,2022-12-23 15:59:00-05:00,S,11042.5,11079.75,11103.5,61.0,-76.5,-0.6270491803278688,time,1,S
2022-12-28 11:59:00-05:00,2022-12-28 11:59:00-05:00,2022-12-28 15:59:00-05:00,S,10794.0,10771.0,10996.75,202.75,44.0,0.10850801479654747,time,1,S
2022-12-30 13:29:00-05:00,2022-12-30 13:29:00-05:00,2022-12-30 15:12:00-05:00,S,10900.75,10957.25,10957.0,56.25,-115.0,-1.0222222222222221,SL,1,S
