confluence,level,combos_is,R_is,trades_is
T,1,4751,-0.17712100279227613,305.44159124394866
T,5,2636,-0.11938469748258339,294.3467374810319
T,15,1048,-0.04578080715546466,272.56583969465646
W,ldn,1662,-0.17222564644608124,307.528880866426
W,am,2437,-0.1321658228431473,298.3939269593763
W,open,1866,-0.12447688664071647,290.36441586280813
W,sb,1050,-0.07641081775348087,294.34
W,pm,1420,-0.1995393443339801,298.256338028169
B,none,5144,-0.11252198848953095,332.6942068429238
B,any,1936,-0.19016211016515505,262.995867768595
B,cont,885,-0.2004067878502647,226.80677966101695
B,fail,232,-0.23993111578070356,187.25862068965517
B,inv,238,-0.10162711155725075,201.65126050420167
E,none,4417,-0.14190708957763,307.74620783337105
E,disc,1880,-0.10019509275270716,308.8601063829787
E,prem,2138,-0.18194941238991552,267.8802619270346
M,none,3993,-0.1511074612676344,308.49611820686204
M,d18,1856,-0.12133252410754608,287.71443965517244
M,mid,1737,-0.1350499586659731,291.0460564191134
M,both,849,-0.1661144840295118,284.2520612485277
R,none,6581,-0.14289526602395997,316.4701413159094
R,pd,229,-0.0830699789356139,199.55021834061137
R,sess,934,-0.12088205175348275,229.76659528907922
R,pd_brk,378,-0.22658391407914472,231.7883597883598
R,sess_brk,313,-0.14763228750643748,262.2843450479233
H,none,5236,-0.1469674979355158,313.48624904507255
H,h1,1764,-0.14097994017746296,281.2579365079365
H,h4,1435,-0.12959428506321624,261.4264808362369
S,none,7379,-0.14337649009970932,304.10448570266976
S,smt,1056,-0.1384499169350053,254.4630681818182
X,2R,3289,-0.14431244744828,299.59288537549406
X,pdx,2308,-0.11252372689207728,294.06585788561523
X,liq,2838,-0.1655496234689265,299.02572233967584
N,close,3799,-0.12729497816004443,315.28849697288763
N,retest,3028,-0.19161795724883343,299.9068692206077
N,pos,1608,-0.08729193790400765,252.98569651741295
