code,side,group,watched,events,n_a04x3,win_a04x3,R_a04x3,net_a04x3,n_p20x3,win_p20x3,R_p20x3,net_p20x3,n_p20x1,win_p20x1,R_p20x1,net_p20x1,n_p20x2,win_p20x2,R_p20x2,net_p20x2,n_a04x1,win_a04x1,R_a04x1,net_a04x1,n_a04x2,win_a04x2,R_a04x2,net_a04x2,n_a08x1,win_a08x1,R_a08x1,net_a08x1,n_a08x2,win_a08x2,R_a08x2,net_a08x2,n_a08x3,win_a08x3,R_a08x3,net_a08x3,n_brk_p20,win_brk_p20,R_brk_p20,net_brk_p20,n_brk_a04,win_brk_a04,R_brk_a04,net_brk_a04,n_brk_a08,win_brk_a08,R_brk_a08,net_brk_a08,pl_watched,pl_events,pl_n_a04x3,pl_win_a04x3,pl_R_a04x3,pl_net_a04x3,dwin_a04x3,dR_a04x3,pwin_a04x3,pl_n_p20x3,pl_win_p20x3,pl_R_p20x3,pl_net_p20x3,dwin_p20x3,dR_p20x3,pwin_p20x3
pdc,R,previous day,2,2,2,0.500000,0.849432,43.000000,2,1.000000,2.888889,234.000000,2,1.000000,0.913580,74.000000,2,1.000000,1.901235,154.000000,2,1.000000,0.847538,39.000000,2,1.000000,1.825758,84.000000,2,1.000000,0.922928,84.000000,2,1.000000,1.911918,174.000000,2,1.000000,2.900907,264.000000,2,0.000000,-1.061728,-86.000000,2,0.000000,-1.108902,-51.000000,2,0.000000,-1.055051,-96.000000,118,47,47,0.255319,-0.127778,0.500000,0.244681,0.977209,0.442721,47,0.191489,-0.101655,-193.500000,0.808511,2.990544,0.007278
o18,S,opens,11,2,2,0.500000,0.697917,-4.000000,2,0.000000,-1.061728,-86.000000,2,0.500000,-0.074074,-6.000000,2,0.000000,-1.061728,-86.000000,2,0.500000,-0.246528,-21.000000,2,0.500000,0.225694,-12.500000,2,0.500000,-0.126316,-36.000000,2,0.500000,0.359398,-19.000000,2,0.500000,0.845113,-2.000000,2,0.500000,0.913580,74.000000,2,0.500000,0.767361,56.000000,2,0.000000,-1.097744,-70.000000,148,55,55,0.109091,-0.718247,-801.500000,0.390909,1.416164,0.098019,55,0.200000,-0.070258,-156.500000,-0.200000,-0.991470,0.481417
em1d,R,expected move,46,24,24,0.416667,0.473469,216.000000,24,0.416667,0.680556,661.500000,24,0.791667,0.502058,488.000000,24,0.458333,0.392490,381.500000,24,0.625000,0.073295,67.000000,24,0.541667,0.434996,219.500000,24,0.708333,0.322206,311.000000,24,0.500000,0.404553,352.500000,24,0.333333,0.241929,178.000000,24,0.166667,-0.359053,-349.000000,24,0.166667,-0.498179,-193.000000,24,0.125000,-0.582137,-560.000000,0,0,0,,,0.000000,,,,0,,,0.000000,,,
em2d,R,expected move,20,11,11,0.363636,0.262356,47.000000,11,0.181818,-0.343434,-153.000000,11,0.727273,0.374860,167.000000,11,0.363636,0.015713,7.000000,11,0.545455,-0.082488,37.000000,11,0.363636,-0.089389,-30.000000,11,0.545455,-0.000895,-42.500000,11,0.363636,-0.003330,-76.500000,11,0.272727,-0.004806,-77.500000,11,0.181818,-0.343434,-153.000000,11,0.090909,-0.793976,-207.000000,11,0.272727,0.004905,192.500000,0,0,0,,,0.000000,,,,0,,,0.000000,,,
vah,S,profile,61,44,44,0.318182,0.104792,154.500000,44,0.272727,0.055275,98.500000,44,0.568182,0.060606,108.000000,44,0.295455,-0.146745,-261.500000,44,0.545455,-0.066426,25.000000,44,0.386364,-0.004081,39.500000,44,0.500000,-0.080397,-112.500000,44,0.363636,0.008234,76.000000,44,0.340909,0.277117,720.500000,44,0.272727,0.022166,39.500000,44,0.295455,0.018876,-107.000000,44,0.295455,0.099147,-95.500000,56,41,41,0.170732,-0.461474,-303.500000,0.147450,0.566267,0.115263,41,0.243902,-0.083107,-138.000000,0.028825,0.138382,0.761746
em2u,R,expected move,3488,320,320,0.312500,0.074449,481.500000,320,0.275000,0.093866,1216.500000,320,0.521875,-0.027199,-352.500000,320,0.381250,0.087924,1139.500000,320,0.515625,-0.137040,-893.500000,320,0.387500,-0.010248,-75.000000,320,0.556250,0.025887,449.500000,320,0.400000,0.112240,1601.000000,320,0.303125,0.140871,1850.000000,320,0.218750,-0.062616,-811.500000,320,0.256250,-0.144070,-1020.500000,320,0.250000,-0.058882,-1516.500000,0,0,0,,,0.000000,,,,0,,,0.000000,,,
vw1d,R,VWAP bands,109,108,108,0.287037,-0.011451,84.000000,108,0.231481,-0.065471,-280.500000,108,0.555556,0.035581,161.500000,108,0.342593,-0.012316,-48.000000,108,0.398148,-0.353415,-782.000000,108,0.314815,-0.209413,-400.000000,108,0.546296,0.011312,14.500000,108,0.379630,0.076833,132.000000,108,0.250000,-0.058683,-191.500000,108,0.203704,-0.131212,-561.500000,108,0.240741,-0.197057,-185.000000,108,0.194444,-0.302829,-1479.500000,0,0,0,,,0.000000,,,,0,,,0.000000,,,
onh,R,overnight,470,260,260,0.284615,-0.030001,36.000000,260,0.234615,-0.049193,-518.000000,260,0.492308,-0.077873,-820.000000,260,0.315385,-0.087464,-921.000000,260,0.476923,-0.209734,-924.000000,260,0.361538,-0.082647,-225.500000,260,0.488462,-0.099383,-674.000000,260,0.326923,-0.085672,-130.000000,260,0.273077,0.036609,1180.000000,260,0.238462,0.060874,641.000000,260,0.288462,-0.011033,-156.000000,260,0.276923,0.079395,1028.500000,827,351,351,0.247863,-0.162070,-1021.500000,0.036752,0.132069,0.307924,351,0.230769,-0.043509,-618.500000,0.003846,-0.005684,0.911386
pdm,S,previous day,225,60,60,0.266667,-0.059935,-116.000000,60,0.183333,-0.137449,-334.000000,60,0.466667,-0.111523,-271.000000,60,0.266667,-0.130658,-317.500000,60,0.450000,-0.262534,-368.000000,60,0.316667,-0.172624,-206.500000,60,0.533333,0.010800,145.500000,60,0.333333,-0.054799,-18.000000,60,0.216667,-0.091600,150.500000,60,0.183333,-0.127160,-309.000000,60,0.250000,-0.141820,-89.500000,60,0.183333,-0.323643,-717.500000,449,116,116,0.241379,-0.200817,-452.000000,0.025287,0.140883,0.713439,116,0.284483,0.159323,748.500000,-0.101149,-0.296772,0.141843
ldh,R,London,305,159,159,0.270440,-0.079100,-269.500000,159,0.226415,-0.058234,-375.000000,159,0.490566,-0.086730,-558.500000,159,0.283019,-0.150633,-970.000000,159,0.484277,-0.189473,-686.500000,159,0.333333,-0.159193,-601.000000,159,0.484277,-0.103930,-743.500000,159,0.358491,0.011587,175.000000,159,0.276730,0.089668,978.000000,159,0.270440,0.117012,753.500000,159,0.270440,-0.076389,-127.500000,159,0.289308,0.174011,1458.000000,602,279,279,0.211470,-0.304561,-1569.000000,0.058971,0.225461,0.160283,279,0.218638,-0.119342,-1348.500000,0.007777,0.061107,0.850491
poc,R,profile,152,104,104,0.269231,-0.100724,-10.000000,104,0.211538,-0.112536,-474.000000,104,0.548077,0.020893,88.000000,104,0.307692,-0.106481,-448.500000,104,0.461538,-0.249356,-250.000000,104,0.384615,-0.026177,183.000000,104,0.528846,-0.032549,212.000000,104,0.346154,-0.051926,-55.000000,104,0.192308,-0.270398,-750.500000,104,0.221154,-0.076686,-323.000000,104,0.278846,-0.068610,-266.000000,104,0.211538,-0.232272,-1122.000000,184,118,118,0.288136,-0.018065,247.500000,-0.018905,-0.082659,0.754058,118,0.296610,0.189789,907.000000,-0.085072,-0.302324,0.147644
val,R,profile,53,42,42,0.261905,-0.129416,-61.000000,42,0.142857,-0.435332,-740.500000,42,0.476190,-0.121105,-206.000000,42,0.357143,-0.003527,-6.000000,42,0.404762,-0.360799,-252.000000,42,0.333333,-0.176464,-82.500000,42,0.547619,0.002259,2.000000,42,0.357143,-0.020671,-87.000000,42,0.214286,-0.231925,-454.000000,42,0.214286,-0.039389,-67.000000,42,0.285714,-0.043916,-137.000000,42,0.190476,-0.220728,-552.000000,72,51,51,0.235294,-0.216365,-113.500000,0.026611,0.086949,0.767229,51,0.333333,0.255144,527.000000,-0.190476,-0.690476,0.034112
asl,S,Asia,254,108,108,0.259259,-0.131109,212.000000,108,0.240741,0.047554,208.000000,108,0.509259,-0.029607,-129.500000,108,0.351852,0.025720,112.500000,108,0.481481,-0.206049,-205.000000,108,0.324074,-0.194598,-5.000000,108,0.490741,-0.105460,-122.000000,108,0.314815,-0.124780,-344.500000,108,0.259259,-0.034428,-195.500000,108,0.240741,-0.073617,-322.000000,108,0.212963,-0.319748,-786.000000,108,0.259259,-0.051798,-327.000000,522,185,185,0.297297,0.018444,177.000000,-0.038038,-0.149553,0.485734,185,0.254054,0.111912,838.500000,-0.013313,-0.064358,0.799355
pdm,R,previous day,120,40,40,0.250000,-0.157631,-109.000000,40,0.175000,-0.283025,-458.500000,40,0.325000,-0.402160,-651.500000,40,0.250000,-0.303395,-491.500000,40,0.425000,-0.308283,-352.000000,40,0.275000,-0.331302,-320.000000,40,0.550000,0.017852,61.500000,40,0.400000,0.116665,218.000000,40,0.225000,-0.179301,-272.500000,40,0.175000,-0.182407,-295.500000,40,0.175000,-0.447308,-359.000000,40,0.225000,-0.137425,-245.500000,254,71,71,0.225352,-0.211816,-187.500000,0.024648,0.054185,0.768470,71,0.239437,-0.074943,-215.500000,-0.064437,-0.208081,0.428506
vw,S,VWAP bands,385,305,305,0.249180,-0.171058,-80.500000,305,0.219672,-0.034406,-425.000000,305,0.485246,-0.096661,-1194.000000,305,0.318033,-0.046995,-580.500000,305,0.508197,-0.155674,-700.500000,305,0.321311,-0.204748,-652.500000,305,0.465574,-0.150399,-914.500000,305,0.324590,-0.100414,122.000000,305,0.245902,-0.069713,631.000000,305,0.242623,-0.019024,-235.000000,305,0.242623,-0.201065,-1562.500000,305,0.268852,0.009534,-763.500000,0,0,0,,,0.000000,,,,0,,,0.000000,,,
em1u,R,expected move,3410,1090,1090,0.246789,-0.171761,-2906.000000,1090,0.198165,-0.131612,-5810.000000,1090,0.468807,-0.115868,-5115.000000,1090,0.289908,-0.112787,-4979.000000,1090,0.473394,-0.218106,-4312.000000,1090,0.323853,-0.191584,-3593.500000,1090,0.500000,-0.081244,-2363.500000,1090,0.316514,-0.105074,-3096.500000,1090,0.211009,-0.125906,-4222.000000,1090,0.208257,-0.008042,-355.000000,1090,0.251376,-0.160091,-3644.500000,1090,0.230275,-0.061657,-2942.500000,0,0,0,,,0.000000,,,,0,,,0.000000,,,
prh,R,pre-market,425,325,325,0.249231,-0.173259,-1013.500000,325,0.233846,-0.070579,-929.000000,325,0.464615,-0.132422,-1743.000000,325,0.316923,-0.081937,-1078.500000,325,0.406154,-0.353725,-2081.000000,325,0.304615,-0.253628,-1503.000000,325,0.480000,-0.122223,-1053.500000,325,0.338462,-0.047084,337.000000,325,0.264615,-0.002200,713.000000,325,0.261538,0.099905,1315.000000,325,0.295385,0.007683,-191.000000,325,0.280000,0.052348,450.500000,520,307,307,0.280130,-0.040360,211.500000,-0.030900,-0.132899,0.378581,307,0.237785,-0.006113,-76.000000,-0.003939,-0.064467,0.907182
vah,R,profile,316,197,197,0.248731,-0.178430,-474.000000,197,0.192893,-0.218775,-1745.500000,197,0.467005,-0.129034,-1029.500000,197,0.304569,-0.085605,-683.000000,197,0.446701,-0.278069,-1002.000000,197,0.294416,-0.287173,-1002.500000,197,0.456853,-0.173689,-1185.000000,197,0.335025,-0.083852,-395.500000,197,0.218274,-0.163376,-1055.000000,197,0.203046,-0.126966,-1013.000000,197,0.258883,-0.125472,-309.000000,197,0.253807,-0.045837,-573.000000,503,247,247,0.202429,-0.340297,-1909.500000,0.046302,0.161867,0.244217,247,0.141700,-0.388264,-3884.000000,0.051193,0.169489,0.148208
val,S,profile,346,206,206,0.247573,-0.180229,-1091.000000,206,0.213592,-0.081505,-680.000000,206,0.495146,-0.079528,-663.500000,206,0.339806,-0.033022,-275.500000,206,0.504854,-0.160482,-736.500000,206,0.368932,-0.067596,-457.000000,206,0.524272,-0.038102,-436.000000,206,0.339806,-0.060165,-673.500000,206,0.262136,-0.005521,-297.000000,206,0.262136,0.057353,478.500000,206,0.252427,-0.157035,-279.500000,206,0.223301,-0.135689,-716.000000,447,217,217,0.267281,-0.104034,-259.500000,-0.019708,-0.076195,0.643194,217,0.253456,0.018092,159.000000,-0.039864,-0.099597,0.333101
em2d,S,expected move,3479,454,453,0.245033,-0.193569,-1509.000000,454,0.222467,-0.060733,-1080.500000,454,0.493392,-0.081101,-1455.000000,454,0.317181,-0.074629,-1336.000000,453,0.450331,-0.270308,-2265.000000,453,0.309051,-0.244688,-1905.500000,454,0.500000,-0.089223,-1279.500000,454,0.334802,-0.078383,-1165.000000,454,0.242291,-0.074004,-846.000000,454,0.235683,-0.089323,-1605.500000,454,0.246696,-0.191481,-1143.500000,454,0.242291,-0.109335,-2336.000000,0,0,0,,,0.000000,,,,0,,,0.000000,,,
em1d,S,expected move,3393,1160,1160,0.242241,-0.197486,-4536.500000,1160,0.193966,-0.152043,-7143.000000,1160,0.486207,-0.093731,-4403.500000,1160,0.296552,-0.128853,-6053.500000,1160,0.484483,-0.197712,-4018.500000,1160,0.325862,-0.189366,-3956.000000,1160,0.496552,-0.092375,-4141.500000,1160,0.317241,-0.125497,-5629.000000,1160,0.220690,-0.143548,-6957.000000,1160,0.236207,-0.041049,-1928.500000,1160,0.268966,-0.090613,-1466.000000,1160,0.251724,-0.042475,-1111.500000,0,0,0,,,0.000000,,,,0,,,0.000000,,,
pwl,S,previous week,607,29,29,0.241379,-0.201910,-122.000000,29,0.241379,0.053214,62.500000,29,0.413793,-0.244359,-287.000000,29,0.310345,-0.142188,-167.000000,29,0.379310,-0.402454,-272.000000,29,0.275862,-0.336398,-226.000000,29,0.413793,-0.255258,-351.500000,29,0.310345,-0.153203,-181.000000,29,0.275862,0.016774,60.500000,29,0.310345,0.246062,289.000000,29,0.413793,0.473032,398.000000,29,0.206897,-0.081866,30.500000,1197,51,51,0.235294,-0.231032,-217.000000,0.006085,0.029122,0.950974,51,0.215686,-0.153716,-317.500000,0.025693,0.206930,0.791354
vw1u,R,VWAP bands,542,394,394,0.236041,-0.219074,-1487.000000,394,0.195431,-0.148681,-2372.500000,394,0.454315,-0.144827,-2311.000000,394,0.286802,-0.140691,-2245.000000,394,0.456853,-0.253593,-1972.000000,394,0.302030,-0.260203,-1902.000000,394,0.479695,-0.124741,-1782.000000,394,0.327411,-0.084517,-857.000000,394,0.238579,-0.069454,-981.500000,394,0.238579,0.001034,16.500000,394,0.266497,-0.095021,-673.000000,394,0.271574,0.047701,-179.000000,0,0,0,,,0.000000,,,,0,,,0.000000,,,
onl,S,overnight,497,246,246,0.231707,-0.236844,-627.000000,246,0.231707,-0.012095,-120.500000,246,0.483740,-0.094700,-943.500000,246,0.329268,-0.047074,-469.000000,246,0.398374,-0.365087,-1613.500000,246,0.292683,-0.285656,-1118.000000,246,0.475610,-0.133950,-1149.500000,246,0.333333,-0.078435,-789.500000,246,0.256098,-0.044300,-749.500000,246,0.227642,-0.117635,-1172.000000,246,0.280488,-0.053620,-359.500000,246,0.252033,-0.069487,-865.000000,858,344,344,0.281977,-0.041226,-136.500000,-0.050269,-0.195618,0.170438,344,0.261628,0.075187,1047.500000,-0.029921,-0.087281,0.407398
ash,R,Asia,172,74,74,0.229730,-0.248984,-195.000000,74,0.256757,0.099099,297.000000,74,0.500000,-0.046880,-140.500000,74,0.378378,0.086587,259.500000,74,0.513514,-0.146431,-79.000000,74,0.310811,-0.236074,-156.000000,74,0.472973,-0.131457,-123.000000,74,0.310811,-0.143912,-97.500000,74,0.283784,0.083011,688.000000,74,0.202703,-0.023357,-70.000000,74,0.256757,-0.130798,-347.000000,74,0.270270,0.073063,109.000000,447,155,155,0.251613,-0.148111,-539.000000,-0.021883,-0.100873,0.718605,155,0.225806,-0.011868,-74.500000,0.030950,0.110967,0.605855
pdh,R,previous day,400,93,93,0.225806,-0.257268,-449.000000,93,0.215054,-0.108323,-408.000000,93,0.440860,-0.154653,-582.500000,93,0.301075,-0.105005,-395.500000,93,0.483871,-0.195459,-388.000000,93,0.333333,-0.163077,-259.000000,93,0.494624,-0.093824,-335.500000,93,0.333333,-0.062393,-190.500000,93,0.225806,-0.079887,-361.000000,93,0.204301,-0.034515,-130.000000,93,0.311828,0.076268,41.000000,93,0.204301,-0.138987,-1099.500000,782,168,168,0.220238,-0.248996,-716.500000,0.005568,-0.008272,0.917464,168,0.214286,-0.029321,-199.500000,0.000768,-0.079002,0.988451
r100,R,round numbers,541,289,289,0.221453,-0.260625,-1334.000000,289,0.256055,0.022769,266.500000,289,0.453287,-0.149942,-1755.000000,289,0.332180,-0.037763,-442.000000,289,0.435986,-0.279721,-1672.000000,289,0.304498,-0.239188,-1266.500000,289,0.480969,-0.111252,-854.500000,289,0.332180,-0.067302,-553.000000,289,0.235294,-0.089335,-977.000000,289,0.294118,0.248281,2906.000000,289,0.280277,-0.030892,-355.500000,289,0.307958,0.218194,2271.500000,867,372,372,0.228495,-0.226721,-1724.000000,-0.007041,-0.033904,0.829841,372,0.212366,-0.136601,-2057.500000,0.043690,0.159370,0.186481
vw1d,S,VWAP bands,616,413,413,0.225182,-0.262122,-1616.500000,413,0.210654,-0.093385,-1562.000000,413,0.486683,-0.089648,-1499.500000,413,0.317191,-0.077960,-1304.000000,413,0.455206,-0.254046,-1696.500000,413,0.322034,-0.198935,-1039.500000,413,0.491525,-0.101737,-1067.000000,413,0.322034,-0.114043,-1264.000000,413,0.246973,-0.067301,-268.000000,413,0.263923,0.056527,945.500000,413,0.302663,0.036064,215.500000,413,0.280872,0.068135,883.500000,0,0,0,,,0.000000,,,,0,,,0.000000,,,
vw2u,R,VWAP bands,805,440,440,0.222727,-0.268337,-2960.000000,440,0.197727,-0.209315,-3730.000000,440,0.436364,-0.183614,-3272.000000,440,0.268182,-0.233305,-4157.500000,440,0.440909,-0.280867,-3007.000000,440,0.279545,-0.322339,-3637.000000,440,0.454545,-0.170637,-3413.000000,440,0.304545,-0.158109,-2523.500000,440,0.240909,-0.080392,-730.000000,440,0.252273,0.050140,893.500000,440,0.290909,-0.001573,340.000000,440,0.281818,0.096921,2700.500000,0,0,0,,,0.000000,,,,0,,,0.000000,,,
orh,R,opening range,694,502,502,0.221116,-0.274269,-2689.000000,502,0.193227,-0.168560,-3427.000000,502,0.448207,-0.157125,-3194.500000,502,0.280876,-0.159707,-3247.000000,502,0.412351,-0.337021,-3315.000000,502,0.282869,-0.309041,-3065.500000,502,0.468127,-0.142348,-2872.000000,502,0.312749,-0.112711,-2307.500000,502,0.221116,-0.142868,-3074.000000,502,0.217131,-0.026069,-530.000000,502,0.274900,-0.069377,-167.500000,502,0.245020,-0.046411,-1446.000000,489,276,276,0.202899,-0.349093,-2060.000000,0.018217,0.074824,0.553785,276,0.181159,-0.249687,-2791.000000,0.012068,0.081127,0.680792
vw2d,S,VWAP bands,816,443,443,0.221219,-0.274891,-1972.000000,443,0.205418,-0.137558,-2468.000000,443,0.455982,-0.150238,-2695.500000,443,0.288939,-0.156007,-2799.000000,443,0.437923,-0.284710,-2409.500000,443,0.306998,-0.240187,-1879.500000,443,0.453725,-0.173052,-2471.500000,443,0.302483,-0.172432,-1777.000000,443,0.209932,-0.228081,-2686.500000,443,0.270880,0.063763,1144.000000,443,0.300226,0.028496,92.500000,443,0.261851,-0.019581,-706.500000,0,0,0,,,0.000000,,,,0,,,0.000000,,,
vw,R,VWAP bands,315,269,269,0.219331,-0.276718,-1020.500000,269,0.249071,0.017621,192.500000,269,0.516729,-0.031670,-344.500000,269,0.345725,0.016519,180.500000,269,0.434944,-0.286970,-1318.000000,269,0.293680,-0.276457,-1296.500000,269,0.535316,-0.008284,191.000000,269,0.379182,0.061346,1522.500000,269,0.260223,-0.022798,-213.500000,269,0.208178,-0.105642,-1149.500000,269,0.215613,-0.281338,-1827.000000,269,0.211896,-0.194752,-2663.000000,0,0,0,,,0.000000,,,,0,,,0.000000,,,
vw1u,S,VWAP bands,151,147,147,0.217687,-0.277520,-1011.000000,147,0.170068,-0.237563,-1390.000000,147,0.476190,-0.074717,-420.500000,147,0.265306,-0.192127,-1119.500000,147,0.448980,-0.267303,-734.000000,147,0.319728,-0.208709,-633.500000,147,0.496599,-0.090836,-496.000000,147,0.319728,-0.098028,-620.000000,147,0.238095,-0.057355,-156.000000,147,0.272109,0.060698,339.000000,147,0.278912,-0.064740,-254.000000,147,0.265306,-0.022755,-144.000000,0,0,0,,,0.000000,,,,0,,,0.000000,,,
poc,S,profile,159,115,115,0.217391,-0.289042,-803.000000,115,0.191304,-0.229415,-1068.500000,115,0.460870,-0.151369,-705.000000,115,0.278261,-0.228878,-1066.000000,115,0.443478,-0.270044,-567.000000,115,0.286957,-0.296683,-756.000000,115,0.486957,-0.107908,-510.500000,115,0.321739,-0.117255,-752.000000,115,0.200000,-0.280577,-1707.500000,115,0.295652,0.175201,816.000000,115,0.321739,0.117529,269.000000,115,0.347826,0.304054,1612.500000,174,115,115,0.252174,-0.153926,-180.000000,-0.034783,-0.135116,0.533772,115,0.252174,0.072249,336.500000,-0.060870,-0.301664,0.266528
pdl,S,previous day,545,126,126,0.214286,-0.315117,-750.500000,126,0.134921,-0.397119,-2026.500000,126,0.460317,-0.139330,-711.000000,126,0.214286,-0.343719,-1754.000000,126,0.444444,-0.283081,-520.500000,126,0.317460,-0.221536,-417.000000,126,0.428571,-0.230736,-1004.000000,126,0.285714,-0.211281,-983.000000,126,0.198413,-0.274200,-1382.500000,126,0.269841,0.066921,341.500000,126,0.309524,0.053795,33.500000,126,0.317460,0.174666,663.000000,1008,206,206,0.305825,0.043390,210.500000,-0.091540,-0.358507,0.068634,206,0.223301,-0.020556,-171.500000,-0.088380,-0.376563,0.046267
prl,S,pre-market,405,308,308,0.204545,-0.338812,-2190.000000,308,0.178571,-0.228515,-2850.500000,308,0.444805,-0.167549,-2090.000000,308,0.240260,-0.283349,-3534.500000,308,0.379870,-0.404960,-2442.500000,308,0.285714,-0.311333,-1952.500000,308,0.451299,-0.179788,-2083.500000,308,0.288961,-0.200582,-2512.500000,308,0.211039,-0.199271,-2034.000000,308,0.256494,-0.009780,-122.000000,308,0.318182,0.094343,700.000000,308,0.269481,-0.000463,-32.000000,420,254,254,0.259843,-0.126663,-612.000000,-0.055297,-0.212149,0.120806,254,0.275591,0.100418,1033.000000,-0.097019,-0.328933,0.005915
o0830,S,opens,6,5,5,0.200000,-0.342630,16.500000,5,0.200000,0.165432,33.500000,5,0.600000,0.123457,25.000000,5,0.400000,0.123457,25.000000,5,0.800000,0.429946,70.500000,5,0.200000,-0.539890,-19.500000,5,0.400000,-0.276492,-42.000000,5,0.400000,0.118548,57.000000,5,0.400000,0.513588,156.000000,5,0.200000,-0.140741,-28.500000,5,0.000000,-1.131671,-127.500000,5,0.400000,0.505769,-12.000000,135,89,89,0.337079,0.187846,125.500000,-0.137079,-0.530476,0.525820,89,0.235955,0.004161,15.000000,-0.035955,0.161271,0.853411
ldl,S,London,314,154,154,0.201299,-0.363587,-819.000000,154,0.214286,-0.002485,-15.500000,154,0.474026,-0.115039,-717.500000,154,0.318182,-0.040003,-249.500000,154,0.389610,-0.389647,-922.000000,154,0.272727,-0.351890,-825.000000,154,0.467532,-0.153535,-477.000000,154,0.311688,-0.152816,-409.000000,154,0.227273,-0.146831,-769.000000,154,0.227273,-0.073032,-455.500000,154,0.298701,0.008292,-141.000000,154,0.279221,0.036894,-691.500000,562,249,249,0.257028,-0.138810,-457.500000,-0.055729,-0.224777,0.200286,249,0.228916,-0.086668,-874.000000,-0.014630,0.084182,0.731855
em2u,S,expected move,10,5,5,0.200000,-0.383492,-66.500000,5,0.000000,-0.785185,-159.000000,5,0.600000,0.123457,25.000000,5,0.200000,-0.469136,-95.000000,5,0.400000,-0.375556,-31.500000,5,0.200000,-0.576349,-80.000000,5,0.200000,-0.685531,-171.000000,5,0.200000,-0.489167,-144.000000,5,0.000000,-1.078258,-225.000000,5,0.200000,-0.271605,-55.000000,5,0.400000,0.375746,5.500000,5,0.200000,-0.286422,-31.000000,0,0,0,,,0.000000,,,,0,,,0.000000,,,
orl,S,opening range,717,481,481,0.191268,-0.390350,-4229.000000,481,0.176715,-0.208619,-4064.000000,481,0.424116,-0.210159,-4094.000000,481,0.257796,-0.235133,-4580.500000,481,0.376299,-0.407333,-4054.500000,481,0.255717,-0.393537,-4185.500000,481,0.436590,-0.210223,-4488.500000,481,0.299376,-0.176844,-3620.500000,481,0.230769,-0.142013,-2681.500000,481,0.257796,0.012012,234.000000,481,0.299376,0.027218,1072.500000,481,0.237006,-0.117658,-1761.000000,448,253,253,0.237154,-0.212260,-1234.000000,-0.045886,-0.178090,0.144822,253,0.241107,-0.048016,-492.000000,-0.064392,-0.160602,0.037798
r100,S,round numbers,545,286,286,0.185315,-0.397530,-1993.000000,286,0.202797,-0.178797,-2071.000000,286,0.458042,-0.151990,-1760.500000,286,0.272727,-0.221920,-2570.500000,286,0.384615,-0.381447,-2202.000000,286,0.244755,-0.405750,-2222.500000,286,0.444056,-0.183642,-1845.500000,286,0.276224,-0.236629,-2455.000000,286,0.202797,-0.248751,-2187.500000,286,0.276224,0.083528,967.500000,286,0.304196,0.051999,221.000000,286,0.258741,-0.045836,-1122.500000,790,364,364,0.258242,-0.123510,-942.500000,-0.072927,-0.274020,0.027373,364,0.258242,0.025946,382.500000,-0.055445,-0.204743,0.097373
em1u,S,expected move,48,28,28,0.178571,-0.414602,-383.000000,28,0.250000,-0.074074,-84.000000,28,0.571429,0.067019,76.000000,28,0.357143,-0.003527,-4.000000,28,0.428571,-0.271787,-184.000000,28,0.214286,-0.482832,-369.000000,28,0.571429,0.073951,88.000000,28,0.464286,0.320708,368.500000,28,0.285714,0.073493,-44.000000,28,0.214286,-0.215168,-244.000000,28,0.178571,-0.416213,-335.000000,28,0.285714,0.072812,180.000000,0,0,0,,,0.000000,,,,0,,,0.000000,,,
o0830,R,opens,8,5,5,0.200000,-0.424497,-78.000000,5,0.000000,-0.456790,-92.500000,5,0.400000,-0.271605,-55.000000,5,0.000000,-0.456790,-92.500000,5,0.200000,-0.799497,-93.000000,5,0.200000,-0.611997,-85.500000,5,0.400000,-0.310231,-127.000000,5,0.400000,0.078969,-89.500000,5,0.200000,0.072518,-97.500000,5,0.400000,0.518519,105.000000,5,0.400000,0.382117,52.000000,5,0.400000,0.489415,120.000000,173,110,110,0.209091,-0.317689,-558.000000,-0.009091,-0.106807,0.960981,110,0.200000,-0.203367,-906.000000,-0.200000,-0.253423,0.266135
vw2u,S,VWAP bands,6,6,6,0.166667,-0.454510,-61.500000,6,0.000000,-1.078623,-225.000000,6,0.333333,-0.420187,-65.000000,6,0.166667,-0.584796,-105.000000,6,0.166667,-0.781433,-112.500000,6,0.166667,-0.617972,-87.000000,6,0.500000,0.093346,25.500000,6,0.166667,-0.551078,-188.500000,6,0.000000,-1.046224,-341.500000,6,0.333333,0.260908,29.000000,6,0.333333,0.234144,-1.500000,6,0.333333,0.281698,48.500000,0,0,0,,,0.000000,,,,0,,,0.000000,,,
pwh,R,previous week,477,27,27,0.148148,-0.596154,-233.000000,27,0.111111,-0.360311,-394.000000,27,0.444444,-0.183813,-201.000000,27,0.222222,-0.209419,-229.000000,27,0.259259,-0.669414,-299.000000,27,0.185185,-0.632840,-275.000000,27,0.407407,-0.285429,-142.500000,27,0.222222,-0.286516,-135.000000,27,0.111111,-0.504723,-369.000000,27,0.222222,0.316415,346.000000,27,0.407407,0.401501,247.000000,27,0.296296,0.104470,-17.500000,913,50,50,0.160000,-0.544745,-491.000000,-0.011852,-0.051409,0.891173,50,0.120000,-0.443951,-899.000000,-0.008889,0.083640,0.907774
onl,R,overnight,1,1,1,0.000000,-1.062500,-42.500000,1,0.000000,-1.061728,-43.000000,1,0.000000,-1.061728,-43.000000,1,0.000000,-1.061728,-43.000000,1,0.000000,-1.062500,-42.500000,1,0.000000,-1.062500,-42.500000,1,0.000000,-1.031646,-81.500000,1,0.000000,-1.031646,-81.500000,1,0.000000,-1.031646,-81.500000,1,1.000000,2.888889,117.000000,1,1.000000,2.887500,115.500000,1,1.000000,2.943038,232.500000,22,20,20,0.250000,-0.165044,-50.500000,-0.250000,-0.897456,0.566765,20,0.250000,-0.074074,-60.000000,-0.250000,-0.987654,0.566765
asl,R,Asia,1,1,1,0.000000,-1.062500,-42.500000,1,0.000000,-1.061728,-43.000000,1,0.000000,-1.061728,-43.000000,1,0.000000,-1.061728,-43.000000,1,0.000000,-1.062500,-42.500000,1,0.000000,-1.062500,-42.500000,1,0.000000,-1.031646,-81.500000,1,0.000000,-1.031646,-81.500000,1,0.000000,-1.031646,-81.500000,1,1.000000,2.888889,117.000000,1,1.000000,2.887500,115.500000,1,1.000000,2.943038,232.500000,10,7,7,0.285714,0.001690,-17.500000,-0.285714,-1.064190,0.537094,7,0.428571,0.631393,179.000000,-0.428571,-1.693122,0.407626
ldl,R,London,1,1,1,0.000000,-1.062500,-42.500000,1,0.000000,-1.061728,-43.000000,1,0.000000,-1.061728,-43.000000,1,0.000000,-1.061728,-43.000000,1,0.000000,-1.062500,-42.500000,1,0.000000,-1.062500,-42.500000,1,0.000000,-1.031646,-81.500000,1,0.000000,-1.031646,-81.500000,1,0.000000,-1.031646,-81.500000,1,1.000000,2.888889,117.000000,1,1.000000,2.887500,115.500000,1,1.000000,2.943038,232.500000,13,9,9,0.333333,0.203208,33.000000,-0.333333,-1.265708,0.490153,9,0.333333,0.255144,93.000000,-0.333333,-1.316872,0.490153
prl,R,pre-market,1,1,1,0.000000,-1.062500,-42.500000,1,0.000000,-1.061728,-43.000000,1,0.000000,-1.061728,-43.000000,1,0.000000,-1.061728,-43.000000,1,0.000000,-1.062500,-42.500000,1,0.000000,-1.062500,-42.500000,1,0.000000,-1.031646,-81.500000,1,0.000000,-1.031646,-81.500000,1,0.000000,-1.031646,-81.500000,1,1.000000,2.888889,117.000000,1,1.000000,2.887500,115.500000,1,1.000000,2.943038,232.500000,50,47,47,0.276596,-0.020425,87.500000,-0.276596,-1.042075,0.537961,47,0.234043,-0.071710,-136.500000,-0.234043,-0.990018,0.581620
o00,S,opens,3,1,1,0.000000,-1.138889,-20.500000,1,0.000000,-1.061728,-43.000000,1,1.000000,0.913580,37.000000,1,0.000000,-1.061728,-43.000000,1,1.000000,0.805556,14.500000,1,1.000000,1.777778,32.000000,1,1.000000,0.902778,32.500000,1,0.000000,-1.069444,-38.500000,1,0.000000,-1.069444,-38.500000,1,0.000000,-1.061728,-43.000000,1,0.000000,-1.138889,-20.500000,1,0.000000,-1.069444,-38.500000,114,44,44,0.181818,-0.442835,-483.000000,-0.181818,-0.696054,0.638180,44,0.204545,-0.107744,-192.000000,-0.204545,-0.953984,0.613102
vw2d,R,VWAP bands,5,5,5,0.000000,-1.156122,-119.000000,5,0.000000,-0.530864,-107.500000,5,0.200000,-0.666667,-135.000000,5,0.200000,-0.469136,-95.000000,5,0.200000,-0.781122,-104.000000,5,0.200000,-0.593622,-96.500000,5,0.200000,-0.691673,-191.000000,5,0.200000,-0.497923,-175.500000,5,0.200000,-0.304173,-160.000000,5,0.600000,1.308642,265.000000,5,0.600000,1.185306,171.000000,5,0.800000,2.082489,544.000000,0,0,0,,,0.000000,,,,0,,,0.000000,,,
o18,R,opens,8,2,2,0.000000,-1.285714,-23.000000,2,0.500000,1.567901,127.000000,2,0.500000,0.580247,47.000000,2,0.500000,1.074074,87.000000,2,0.500000,-0.352381,-9.000000,2,0.000000,-1.285714,-23.000000,2,0.500000,-0.180213,-12.500000,2,0.000000,-1.145731,-40.500000,2,0.000000,-1.145731,-40.500000,2,0.000000,-0.728395,-59.000000,2,0.000000,-1.285714,-23.000000,2,0.000000,-1.145731,-40.500000,90,28,28,0.214286,-0.297118,-199.000000,-0.214286,-0.988597,0.464214,28,0.178571,-0.159171,-180.500000,0.321429,1.727072,0.272254
pdc,S,previous day,2,0,0,,,0.000000,0,,,0.000000,0,,,0.000000,0,,,0.000000,0,,,0.000000,0,,,0.000000,0,,,0.000000,0,,,0.000000,0,,,0.000000,0,,,0.000000,0,,,0.000000,0,,,0.000000,170,61,61,0.196721,-0.376474,-426.000000,,,,61,0.229508,-0.125076,-309.000000,,,
o00,R,opens,1,0,0,,,0.000000,0,,,0.000000,0,,,0.000000,0,,,0.000000,0,,,0.000000,0,,,0.000000,0,,,0.000000,0,,,0.000000,0,,,0.000000,0,,,0.000000,0,,,0.000000,0,,,0.000000,96,43,43,0.302326,0.056548,79.000000,,,,43,0.232558,0.003158,5.500000,,,
