sample,model,h,version,n_decision_bars,n_dropped,n_decisions,days,r2_zero,corr,sign_right,sign_right_nonzero,trades,trades_per_day,win,gross_per_trade,net_per_trade,net_per_day,gross_total,net_total,p_boot_day,years_pos,net_2019,net_2020,net_2021,net_2022,net_2023,net_2024,net_2025,net_2026
IN-SAMPLE (the models were fitted on these same decisions),ols,1,all,290911,109,290802,898,0.0010314693075038628,0.0321098118835013,0.49270981630112587,0.5073366428485436,290802,323.8329621380846,0.33996671274612966,0.28411083830235007,-2.71588916169765,-879.4944320712694,82620.0,-789786.0,1.0,0,-126839.5,-206775.0,-234785.5,-221386.0,,,,
IN-SAMPLE (the models were fitted on these same decisions),ols,1,sel,290911,109,290802,898,0.0010314693075038628,0.0321098118835013,0.49270981630112587,0.5073366428485436,155,0.17260579064587972,0.535483870967742,7.690322580645161,4.690322580645161,0.8095768374164811,1192.0,727.0,0.132,4,26.5,453.5,57.5,189.5,,,,
IN-SAMPLE (the models were fitted on these same decisions),ols,5,all,58182,29,58153,898,0.000998811953225709,0.03157058600761599,0.5010575550702457,0.5075599219620959,58153,64.75835189309576,0.4287654979106839,0.6712379412927966,-2.3287620587072033,-150.80679287305122,39034.5,-135424.5,1.0,0,-23449.0,-37731.0,-49059.5,-25185.0,,,,
IN-SAMPLE (the models were fitted on these same decisions),ols,5,sel,58182,29,58153,898,0.000998811953225709,0.03157058600761599,0.5010575550702457,0.5075599219620959,822,0.9153674832962138,0.4951338199513382,3.0437956204379564,0.043795620437956206,0.0400890868596882,2502.0,36.0,0.495,1,-43.0,-586.0,-25.0,690.0,,,,
IN-SAMPLE (the models were fitted on these same decisions),ols,15,all,19385,12,19373,898,0.002576437021808542,0.05068584981205375,0.508078253239044,0.5112450007790994,19373,21.57349665924276,0.4663707221390595,1.4966190058328601,-1.5033809941671399,-32.433184855233854,28994.0,-29125.0,1.0,1,-8807.0,-9139.5,-12849.5,1671.0,,,,
IN-SAMPLE (the models were fitted on these same decisions),ols,15,sel,19385,12,19373,898,0.002576437021808542,0.05068584981205375,0.508078253239044,0.5112450007790994,3537,3.9387527839643655,0.5134294599943455,6.72759400621996,3.7275940062199604,14.68207126948775,23795.5,13184.5,0.0013,3,-235.0,1630.5,2588.5,9200.5,,,,
IN-SAMPLE (the models were fitted on these same decisions),ols,30,all,9681,7,9674,898,0.004652827106695345,0.06812890096082022,0.5168492867479842,0.5201289919900135,9674,10.7728285077951,0.48594169940045484,3.7659706429605126,0.7659706429605128,8.251670378619155,36432.0,7410.0,0.1351,2,-3808.0,3864.0,-4165.5,11519.5,,,,
IN-SAMPLE (the models were fitted on these same decisions),ols,30,sel,9681,7,9674,898,0.004652827106695345,0.06812890096082022,0.5168492867479842,0.5201289919900135,3877,4.317371937639198,0.5091565643538819,6.977431003353108,3.977431003353108,17.17204899777283,27051.5,15420.5,0.0012,3,-546.5,2702.5,2995.5,10269.0,,,,
IN-SAMPLE (the models were fitted on these same decisions),gbr,1,all,290911,109,290802,898,0.0013768850068420768,0.046808192069787445,0.4931087131450265,0.5077473815408367,290802,323.8329621380846,0.34000453917098233,0.31111202811534994,-2.68888797188465,-870.750556792873,90472.0,-781934.0,1.0,0,-125106.5,-210609.0,-228168.5,-218050.0,,,,
IN-SAMPLE (the models were fitted on these same decisions),gbr,1,sel,290911,109,290802,898,0.0013768850068420768,0.046808192069787445,0.4931087131450265,0.5077473815408367,39,0.043429844097995544,0.48717948717948717,8.871794871794872,5.871794871794871,0.25501113585746105,346.0,229.0,0.2587,2,0.0,263.5,-77.0,42.5,,,,
IN-SAMPLE (the models were fitted on these same decisions),gbr,5,all,58182,29,58153,898,0.005935437360783058,0.10760334995839539,0.5150551132357746,0.5217391304347826,58153,64.75835189309576,0.44192045122349666,1.7510790500919986,-1.2489209499080014,-80.87806236080178,101830.5,-72628.5,1.0,0,-21125.0,-15137.0,-26827.5,-9539.0,,,,
IN-SAMPLE (the models were fitted on these same decisions),gbr,5,sel,58182,29,58153,898,0.005935437360783058,0.10760334995839539,0.5150551132357746,0.5217391304347826,1079,1.2015590200445434,0.5514365152919369,12.273401297497683,9.273401297497683,11.142538975501113,13243.0,10006.0,0.0,4,135.5,2138.5,2359.5,5372.5,,,,
IN-SAMPLE (the models were fitted on these same decisions),gbr,15,all,19385,12,19373,898,0.012960272113299642,0.14413954979931073,0.533164713776906,0.5364878200799875,19373,21.57349665924276,0.4899086357301399,4.0604965673876015,1.0604965673876012,22.878619153674833,78664.0,20545.0,0.0027,3,-3762.0,4698.5,1202.5,18406.0,,,,
IN-SAMPLE (the models were fitted on these same decisions),gbr,15,sel,19385,12,19373,898,0.012960272113299642,0.14413954979931073,0.533164713776906,0.5364878200799875,3508,3.906458797327394,0.56442417331813,14.403221208665906,11.403221208665906,44.54621380846325,50526.5,40002.5,0.0,4,771.0,5554.5,12822.0,20855.0,,,,
IN-SAMPLE (the models were fitted on these same decisions),gbr,30,all,9681,7,9674,898,0.04751612858280052,0.2798472519340024,0.5768038040107505,0.5804639550608551,9674,10.7728285077951,0.5434153400868307,12.766074012817862,9.766074012817862,105.20824053452115,123499.0,94477.0,0.0,4,2521.0,26791.0,24730.5,40434.5,,,,
IN-SAMPLE (the models were fitted on these same decisions),gbr,30,sel,9681,7,9674,898,0.04751612858280052,0.2798472519340024,0.5768038040107505,0.5804639550608551,5203,5.793986636971047,0.5894676148375937,20.238035748606574,17.238035748606574,99.87694877505568,105298.5,89689.5,0.0,4,3775.5,24991.0,22566.5,38356.5,,,,
