id,entry_time,dir,grade,idx
mech_v1_01,2019-08-16 13:32:00-04:00,-1,SMT,NQ
mech_v1_02,2020-05-21 10:02:00-04:00,-1,swept,NQ
mech_v1_03,2020-06-03 15:19:00-04:00,1,correlated,ES
mech_v1_04,2020-07-15 09:59:00-04:00,-1,swept,ES+NQ
mech_v1_05,2022-12-19 13:19:00-05:00,1,SMT,NQ
mech_v1_06,2023-01-25 15:39:00-05:00,1,swept,NQ
mech_v1_07,2023-09-27 09:38:00-04:00,1,SMT,NQ
mech_v1_08,2023-10-23 15:47:00-04:00,1,swept,NQ
mech_v1_09,2024-08-29 09:51:00-04:00,-1,swept,ES
mech_v1_10,2025-04-28 11:53:00-04:00,1,SMT,NQ
