et,side,entry,stop,risk,xt,exit,reason,pnl,R
2019-06-28 16:04:00-04:00,L,7711.0,7663.75,47.25,2019-06-28 15:59:00-04:00,7693.0,time,-38.0,-0.4021164021164021
2019-07-10 11:18:00-04:00,S,7886.75,7950.0,63.25,2019-07-10 15:59:00-04:00,7928.0,time,-84.5,-0.6679841897233202
2019-07-18 14:20:00-04:00,L,7902.5,7844.75,57.75,2019-07-18 15:59:00-04:00,7920.5,time,34.0,0.2943722943722944
2019-08-01 13:40:00-04:00,S,7866.75,8015.0,148.25,2019-08-01 15:59:00-04:00,7812.75,time,106.0,0.357504215851602
2019-08-06 14:17:00-04:00,L,7529.25,7436.75,92.5,2019-08-06 15:59:00-04:00,7527.0,time,-6.5,-0.03513513513513514
2019-08-19 11:42:00-04:00,L,7745.75,7694.25,51.5,2019-08-19 15:59:00-04:00,7728.0,time,-37.5,-0.3640776699029126
2019-08-20 14:20:00-04:00,S,7684.25,7742.5,58.25,2019-08-20 15:59:00-04:00,7674.25,time,18.0,0.15450643776824036
2019-08-29 10:37:00-04:00,S,7682.75,7726.25,43.5,2019-08-29 13:55:00-04:00,7726.5,SL,-89.5,-1.028735632183908
2019-09-13 13:44:00-04:00,S,7886.25,7928.5,42.25,2019-09-13 15:59:00-04:00,7893.5,time,-16.5,-0.1952662721893491
2019-09-16 11:59:00-04:00,S,7854.75,7896.5,41.75,2019-09-16 15:59:00-04:00,7877.75,time,-48.0,-0.5748502994011976
2019-09-19 12:29:00-04:00,S,7923.5,7974.5,51.0,2019-09-19 15:59:00-04:00,7923.5,time,-2.0,-0.0196078431372549
2019-09-26 15:32:00-04:00,L,7815.0,7734.5,80.5,2019-09-26 15:59:00-04:00,7792.25,time,-47.5,-0.2950310559006211
2019-10-08 12:45:00-04:00,L,7694.5,7624.75,69.75,2019-10-08 15:55:00-04:00,7624.5,SL,-142.0,-1.017921146953405
2019-10-11 12:32:00-04:00,S,7842.0,7911.5,69.5,2019-10-11 15:23:00-04:00,7911.75,SL,-141.5,-1.0179856115107915
2019-10-16 10:26:00-04:00,L,7936.0,7907.25,28.75,2019-10-16 15:59:00-04:00,7933.25,time,-7.5,-0.13043478260869565
2019-10-21 11:13:00-04:00,L,7937.0,7893.0,44.0,2019-10-21 15:59:00-04:00,7946.25,time,16.5,0.1875
2019-10-24 11:29:00-04:00,L,7962.0,7916.25,45.75,2019-10-24 15:59:00-04:00,7972.5,time,19.0,0.20765027322404372
2019-11-05 13:14:00-05:00,L,8232.0,8192.75,39.25,2019-11-05 15:59:00-05:00,8214.75,time,-36.5,-0.46496815286624205
2019-11-06 16:04:00-05:00,L,8212.0,8160.75,51.25,2019-11-06 15:59:00-05:00,8201.25,time,-23.5,-0.22926829268292684
2019-12-03 13:15:00-05:00,L,8224.75,8168.0,56.75,2019-12-03 15:59:00-05:00,8257.5,time,63.5,0.5594713656387665
2019-12-18 15:59:00-05:00,S,8614.25,8641.5,27.25,2019-12-18 15:59:00-05:00,8612.25,time,2.0,0.03669724770642202
2020-01-15 13:33:00-05:00,S,9050.25,9096.5,46.25,2020-01-15 15:59:00-05:00,9052.75,time,-7.0,-0.07567567567567568
2020-01-22 15:06:00-05:00,S,9211.25,9254.5,43.25,2020-01-22 15:59:00-05:00,9200.75,time,19.0,0.21965317919075145
2020-02-12 11:25:00-05:00,L,9604.5,9558.5,46.0,2020-02-12 15:59:00-05:00,9620.25,time,29.5,0.32065217391304346
2020-02-27 11:18:00-05:00,L,8723.25,8519.5,203.75,2020-02-27 15:50:00-05:00,8519.25,SL,-410.0,-1.0061349693251533
2020-03-12 09:58:00-04:00,L,7525.5,7326.5,199.0,2020-03-12 12:11:00-04:00,7326.25,SL,-400.5,-1.006281407035176
2020-03-13 15:51:00-04:00,L,7747.75,7290.0,457.75,2020-03-13 15:59:00-04:00,7944.75,time,392.0,0.4281813216821409
2020-03-18 13:29:00-04:00,S,6943.25,7325.5,382.25,2020-03-18 15:59:00-04:00,7207.5,time,-530.5,-0.6939175931981687
2020-04-08 11:20:00-04:00,L,8155.5,8044.25,111.25,2020-04-08 15:59:00-04:00,8211.75,time,110.5,0.4966292134831461
2020-04-23 12:45:00-04:00,S,8661.0,8787.5,126.5,2020-04-23 15:59:00-04:00,8628.25,time,63.5,0.2509881422924901
2020-05-05 15:37:00-04:00,S,8894.25,9020.25,126.0,2020-05-05 15:59:00-04:00,8918.5,time,-50.5,-0.2003968253968254
2020-05-06 10:45:00-04:00,L,9030.25,8935.0,95.25,2020-05-06 15:59:00-04:00,8971.75,time,-119.0,-0.6246719160104987
2020-05-07 11:46:00-04:00,L,9108.25,9030.0,78.25,2020-05-07 15:59:00-04:00,9090.75,time,-37.0,-0.2364217252396166
2020-05-27 14:52:00-04:00,L,9386.0,9172.75,213.25,2020-05-27 15:59:00-04:00,9434.25,time,94.5,0.22157092614302462
2020-06-10 10:56:00-04:00,S,10022.25,10078.25,56.0,2020-06-10 14:00:00-04:00,10078.5,SL,-114.5,-1.0223214285714286
2020-06-11 11:01:00-04:00,S,9875.75,9981.5,105.75,2020-06-11 15:59:00-04:00,9592.75,time,564.0,2.6666666666666665
2020-07-08 11:18:00-04:00,S,10565.75,10641.0,75.25,2020-07-08 15:24:00-04:00,10641.25,SL,-153.0,-1.0166112956810631
2020-07-09 14:59:00-04:00,L,10748.25,10559.75,188.5,2020-07-09 15:59:00-04:00,10740.75,time,-17.0,-0.04509283819628647
2020-07-13 14:03:00-04:00,S,10928.75,11058.75,130.0,2020-07-13 15:59:00-04:00,10599.25,time,657.0,2.526923076923077
2020-07-23 10:12:00-04:00,S,10798.0,10872.0,74.0,2020-07-23 15:59:00-04:00,10572.5,time,449.0,3.0337837837837838
2020-07-28 11:40:00-04:00,L,10647.5,10556.75,90.75,2020-07-28 15:15:00-04:00,10556.5,SL,-184.0,-1.0137741046831956
2020-07-31 16:00:00-04:00,L,10902.0,10690.5,211.5,2020-07-31 15:59:00-04:00,10897.25,time,-11.5,-0.027186761229314422
2020-08-11 15:16:00-04:00,S,10955.25,11084.75,129.5,2020-08-11 15:59:00-04:00,10869.0,time,170.5,0.6583011583011583
2020-08-13 14:21:00-04:00,S,11163.25,11266.25,103.0,2020-08-13 15:59:00-04:00,11170.25,time,-16.0,-0.07766990291262135
2020-08-18 12:32:00-04:00,L,11382.5,11268.0,114.5,2020-08-18 15:59:00-04:00,11393.75,time,20.5,0.08951965065502183
2020-08-19 11:00:00-04:00,L,11415.75,11332.25,83.5,2020-08-19 14:20:00-04:00,11332.0,SL,-169.5,-1.0149700598802396
2020-09-08 14:44:00-04:00,S,11115.5,11405.25,289.75,2020-09-08 15:59:00-04:00,11068.75,time,91.5,0.15789473684210525
2020-09-10 10:45:00-04:00,S,11481.75,11567.5,85.75,2020-09-10 15:59:00-04:00,11157.0,time,647.5,3.7755102040816326
2020-09-14 13:32:00-04:00,S,11207.25,11362.75,155.5,2020-09-14 15:59:00-04:00,11275.25,time,-138.0,-0.4437299035369775
2020-09-15 10:24:00-04:00,S,11413.75,11486.25,72.5,2020-09-15 12:44:00-04:00,11486.5,SL,-147.5,-1.0172413793103448
2020-09-21 10:28:00-04:00,S,10701.75,10841.0,139.25,2020-09-21 12:08:00-04:00,10841.25,SL,-281.0,-1.0089766606822261
2020-10-07 11:06:00-04:00,L,11434.75,11362.0,72.75,2020-10-07 15:59:00-04:00,11479.5,time,87.5,0.6013745704467354
2020-10-20 11:00:00-04:00,S,11631.25,11737.25,106.0,2020-10-20 12:35:00-04:00,11737.5,SL,-214.5,-1.0117924528301887
2020-10-23 15:59:00-04:00,L,11679.25,11550.0,129.25,2020-10-23 15:59:00-04:00,11679.75,time,-1.0,-0.0038684719535783366
2020-10-26 10:49:00-04:00,S,11565.75,11696.25,130.5,2020-10-26 15:59:00-04:00,11495.25,time,139.0,0.5325670498084292
2020-11-17 13:30:00-05:00,L,12042.5,11961.25,81.25,2020-11-17 15:23:00-05:00,11961.0,SL,-165.0,-1.0153846153846153
2020-11-23 10:06:00-05:00,S,11944.75,12002.25,57.5,2020-11-23 15:59:00-05:00,11904.5,time,78.5,0.6826086956521739
2020-12-03 11:09:00-05:00,S,12462.75,12540.75,78.0,2020-12-03 15:59:00-05:00,12472.75,time,-22.0,-0.14102564102564102
2020-12-15 15:00:00-05:00,L,12585.5,12471.75,113.75,2020-12-15 15:59:00-05:00,12597.25,time,21.5,0.0945054945054945
2020-12-17 16:02:00-05:00,L,12763.0,12682.75,80.25,2020-12-17 15:59:00-05:00,12750.25,time,-27.5,-0.17133956386292834
2021-01-08 11:06:00-05:00,L,13053.25,12953.0,100.25,2021-01-08 13:23:00-05:00,12952.75,SL,-203.0,-1.0124688279301746
2021-01-11 15:21:00-05:00,S,12891.5,13013.5,122.0,2021-01-11 15:59:00-05:00,12896.5,time,-12.0,-0.04918032786885246
2021-02-01 10:35:00-05:00,L,13103.5,12969.75,133.75,2021-02-01 15:59:00-05:00,13230.25,time,251.5,0.9401869158878504
2021-02-04 12:37:00-05:00,L,13481.0,13391.25,89.75,2021-02-04 15:59:00-05:00,13549.75,time,135.5,0.754874651810585
2021-02-11 10:50:00-05:00,L,13739.5,13681.5,58.0,2021-02-11 12:19:00-05:00,13681.25,SL,-118.5,-1.021551724137931
2021-02-16 11:08:00-05:00,S,13810.75,13876.0,65.25,2021-02-16 15:59:00-05:00,13764.75,time,90.0,0.6896551724137931
2021-02-17 10:21:00-05:00,S,13609.25,13693.25,84.0,2021-02-17 15:35:00-05:00,13693.5,SL,-170.5,-1.0148809523809523
2021-02-18 11:16:00-05:00,L,13570.5,13468.25,102.25,2021-02-18 15:59:00-05:00,13637.75,time,132.5,0.6479217603911981
2021-02-22 10:22:00-05:00,S,13357.75,13446.75,89.0,2021-02-22 15:59:00-05:00,13227.0,time,259.5,1.4578651685393258
2021-02-23 10:25:00-05:00,L,13017.0,12757.0,260.0,2021-02-23 15:59:00-05:00,13188.0,time,340.0,0.6538461538461539
2021-02-24 11:05:00-05:00,L,13121.0,12957.5,163.5,2021-02-24 15:59:00-05:00,13294.25,time,344.5,1.0535168195718654
2021-02-26 12:08:00-05:00,L,13032.5,12751.0,281.5,2021-02-26 15:59:00-05:00,12893.5,time,-280.0,-0.49733570159857904
2021-03-04 11:02:00-05:00,L,12765.75,12508.5,257.25,2021-03-04 12:50:00-05:00,12508.25,SL,-517.0,-1.0048590864917395
2021-03-16 14:25:00-04:00,S,13141.5,13297.25,155.75,2021-03-16 15:59:00-04:00,13149.5,time,-18.0,-0.05778491171749599
2021-03-25 10:49:00-04:00,S,12687.5,12837.5,150.0,2021-03-25 15:59:00-04:00,12772.75,time,-172.5,-0.575
2021-03-30 11:32:00-04:00,L,12888.75,12776.25,112.5,2021-03-30 15:59:00-04:00,12895.25,time,11.0,0.04888888888888889
2021-04-08 14:28:00-04:00,L,13747.5,13691.25,56.25,2021-04-08 15:59:00-04:00,13749.25,time,1.5,0.013333333333333334
2021-04-22 10:27:00-04:00,L,13912.75,13854.75,58.0,2021-04-22 13:10:00-04:00,13854.5,SL,-118.5,-1.021551724137931
2021-04-26 10:04:00-04:00,L,13951.5,13901.75,49.75,2021-04-26 15:59:00-04:00,14013.25,time,121.5,1.221105527638191
2021-04-28 12:00:00-04:00,S,13884.75,13981.25,96.5,2021-04-28 14:45:00-04:00,13981.5,SL,-195.5,-1.0129533678756477
2021-05-03 10:52:00-04:00,S,13854.0,13948.0,94.0,2021-05-03 15:59:00-04:00,13790.5,time,125.0,0.6648936170212766
2021-05-06 11:34:00-04:00,L,13509.75,13388.5,121.25,2021-05-06 15:59:00-04:00,13596.25,time,171.0,0.7051546391752578
2021-05-13 10:00:00-04:00,L,13169.5,13085.5,84.0,2021-05-13 11:43:00-04:00,13085.25,SL,-170.5,-1.0148809523809523
2021-06-02 13:22:00-04:00,S,13650.5,13713.0,62.5,2021-06-02 15:59:00-04:00,13674.5,time,-50.0,-0.4
2021-06-03 10:59:00-04:00,L,13571.5,13461.75,109.75,2021-06-03 15:59:00-04:00,13527.75,time,-89.5,-0.40774487471526194
2021-06-11 10:47:00-04:00,S,13940.5,13986.0,45.5,2021-06-11 15:54:00-04:00,13986.25,SL,-93.5,-1.0274725274725274
2021-06-16 11:08:00-04:00,S,14041.75,14096.0,54.25,2021-06-16 15:59:00-04:00,13976.0,time,129.5,1.1935483870967742
2021-06-24 13:20:00-04:00,S,14343.25,14422.5,79.25,2021-06-24 15:59:00-04:00,14354.5,time,-24.5,-0.15457413249211358
2021-07-06 10:33:00-04:00,S,14738.0,14790.25,52.25,2021-07-06 15:59:00-04:00,14776.5,time,-79.0,-0.7559808612440191
2021-07-19 11:32:00-04:00,L,14571.75,14443.75,128.0,2021-07-19 15:59:00-04:00,14553.5,time,-38.5,-0.150390625
2021-08-03 11:56:00-04:00,L,14999.25,14848.25,151.0,2021-08-03 15:59:00-04:00,15043.5,time,86.5,0.28642384105960267
2021-08-17 11:42:00-04:00,S,14970.75,15058.25,87.5,2021-08-17 15:59:00-04:00,15000.0,time,-60.5,-0.3457142857142857
2021-09-01 15:43:00-04:00,S,15621.25,15698.5,77.25,2021-09-01 15:59:00-04:00,15611.75,time,17.0,0.11003236245954692
2021-09-16 13:57:00-04:00,L,15473.5,15358.5,115.0,2021-09-16 15:59:00-04:00,15510.0,time,71.0,0.30869565217391304
2021-10-13 14:01:00-04:00,L,14779.5,14660.75,118.75,2021-10-13 15:59:00-04:00,14766.25,time,-28.5,-0.12
2021-10-20 10:29:00-04:00,L,15436.0,15379.5,56.5,2021-10-20 12:44:00-04:00,15379.25,SL,-115.5,-1.0221238938053097
2021-10-26 12:00:00-04:00,S,15579.5,15701.5,122.0,2021-10-26 15:59:00-04:00,15545.25,time,66.5,0.2725409836065574
2021-11-01 13:03:00-04:00,L,15869.25,15768.25,101.0,2021-11-01 15:59:00-04:00,15893.5,time,46.5,0.2301980198019802
2021-11-10 13:15:00-05:00,S,16040.75,16220.0,179.25,2021-11-10 15:59:00-05:00,15978.5,time,122.5,0.3417015341701534
2021-11-22 11:12:00-05:00,S,16637.5,16768.0,130.5,2021-11-22 15:59:00-05:00,16384.0,time,505.0,1.9348659003831417
2021-12-02 10:43:00-05:00,S,15786.25,16027.5,241.25,2021-12-02 12:21:00-05:00,16027.75,SL,-485.0,-1.005181347150259
2021-12-10 15:59:00-05:00,L,16329.75,16133.0,196.75,2021-12-10 15:59:00-05:00,16325.5,time,-10.5,-0.026683608640406607
2022-01-03 14:44:00-05:00,L,16485.5,16291.0,194.5,2022-01-03 15:59:00-05:00,16489.25,time,5.5,0.014138817480719794
2022-01-06 10:57:00-05:00,L,15851.25,15598.0,253.25,2022-01-06 15:59:00-05:00,15758.0,time,-188.5,-0.3721618953603159
2022-01-10 13:51:00-05:00,L,15415.75,15152.0,263.75,2022-01-10 15:59:00-05:00,15604.0,time,374.5,0.7099526066350711
2022-01-19 10:32:00-05:00,S,15250.75,15372.75,122.0,2022-01-19 15:59:00-05:00,15037.75,time,424.0,1.7377049180327868
2022-01-20 14:12:00-05:00,S,15159.75,15341.0,181.25,2022-01-20 15:59:00-05:00,14837.0,time,643.5,1.7751724137931035
2022-01-21 11:21:00-05:00,L,14819.5,14531.75,287.75,2022-01-21 14:57:00-05:00,14531.5,SL,-578.0,-1.0043440486533448
2022-01-27 10:31:00-05:00,S,14231.0,14410.25,179.25,2022-01-27 15:59:00-05:00,13987.75,time,484.5,1.3514644351464435
2022-02-01 15:30:00-05:00,L,14952.75,14728.75,224.0,2022-02-01 15:59:00-05:00,14991.0,time,74.5,0.16629464285714285
2022-02-07 11:09:00-05:00,S,14669.5,14807.0,137.5,2022-02-07 15:59:00-05:00,14566.25,time,204.5,0.7436363636363637
2022-02-09 11:00:00-05:00,L,14952.25,14852.0,100.25,2022-02-09 15:59:00-05:00,15042.5,time,178.5,0.8902743142144638
2022-02-16 14:21:00-05:00,L,14516.75,14380.5,136.25,2022-02-16 15:59:00-05:00,14601.0,time,166.5,0.6110091743119266
2022-02-22 11:53:00-05:00,S,13861.25,14109.25,248.0,2022-02-22 15:59:00-05:00,13865.75,time,-11.0,-0.02217741935483871
2022-02-28 14:08:00-05:00,S,14026.25,14293.0,266.75,2022-02-28 15:59:00-05:00,14234.25,time,-418.0,-0.7835051546391752
2022-03-10 10:33:00-05:00,S,13486.5,13612.0,125.5,2022-03-10 14:05:00-05:00,13612.25,SL,-253.5,-1.0099601593625498
2022-03-14 11:43:00-04:00,S,13204.25,13393.5,189.25,2022-03-14 15:59:00-04:00,13049.75,time,307.0,0.8110964332892999
2022-03-23 14:15:00-04:00,S,14470.0,14683.25,213.25,2022-03-23 15:59:00-04:00,14444.5,time,49.0,0.11488862837045721
2022-03-29 14:48:00-04:00,L,15220.25,15032.5,187.75,2022-03-29 15:59:00-04:00,15240.5,time,38.5,0.10252996005326231
2022-04-06 15:02:00-04:00,L,14644.25,14395.0,249.25,2022-04-06 15:59:00-04:00,14505.5,time,-279.5,-0.5606820461384152
2022-04-08 11:01:00-04:00,L,14477.5,14311.75,165.75,2022-04-08 15:59:00-04:00,14311.5,SL,-334.0,-1.0075414781297134
2022-04-18 11:48:00-04:00,S,13848.25,14002.75,154.5,2022-04-18 15:59:00-04:00,13917.0,time,-139.5,-0.45145631067961167
2022-04-25 11:46:00-04:00,S,13261.0,13467.0,206.0,2022-04-25 14:47:00-04:00,13467.25,SL,-414.5,-1.0060679611650485
2022-04-27 12:24:00-04:00,L,13205.25,12930.0,275.25,2022-04-27 15:59:00-04:00,13002.5,time,-407.5,-0.740236148955495
2022-04-28 12:35:00-04:00,L,13281.25,13033.0,248.25,2022-04-28 15:59:00-04:00,13462.75,time,361.0,0.7270896273917422
2022-05-02 13:49:00-04:00,S,12741.75,13044.75,303.0,2022-05-02 15:50:00-04:00,13045.0,SL,-608.5,-1.0041254125412542
2022-05-03 10:45:00-04:00,S,12988.75,13152.5,163.75,2022-05-03 13:17:00-04:00,13152.75,SL,-330.0,-1.0076335877862594
2022-05-04 13:01:00-04:00,L,13115.0,12881.5,233.5,2022-05-04 15:59:00-04:00,13532.75,time,833.5,1.784796573875803
2022-05-06 10:18:00-04:00,L,12793.25,12518.75,274.5,2022-05-06 15:59:00-04:00,12692.75,time,-203.0,-0.3697632058287796
2022-05-12 14:43:00-04:00,S,11692.0,12133.25,441.25,2022-05-12 15:59:00-04:00,11948.25,time,-514.5,-0.5830028328611898
2022-05-19 10:03:00-04:00,L,11979.5,11795.0,184.5,2022-05-19 15:59:00-04:00,11877.0,time,-207.0,-0.5609756097560976
2022-05-23 10:01:00-04:00,S,11817.5,11977.75,160.25,2022-05-23 11:32:00-04:00,11978.0,SL,-323.0,-1.0078003120124805
2022-05-31 11:51:00-04:00,L,12689.5,12479.5,210.0,2022-05-31 15:59:00-04:00,12645.0,time,-91.0,-0.21666666666666667
2022-06-08 12:39:00-04:00,S,12626.75,12784.0,157.25,2022-06-08 15:59:00-04:00,12619.25,time,13.0,0.04133545310015898
2022-06-09 13:44:00-04:00,S,12505.5,12673.75,168.25,2022-06-09 15:59:00-04:00,12271.75,time,465.5,1.3833580980683506
2022-06-17 13:05:00-04:00,L,11326.75,11119.75,207.0,2022-06-17 15:59:00-04:00,11292.25,time,-71.0,-0.17149758454106281
2022-06-30 11:26:00-04:00,L,11588.75,11350.25,238.5,2022-06-30 15:59:00-04:00,11538.5,time,-102.5,-0.2148846960167715
2022-07-14 11:41:00-04:00,L,11685.0,11510.5,174.5,2022-07-14 15:59:00-04:00,11799.75,time,227.5,0.6518624641833811
2022-07-15 10:00:00-04:00,L,11985.75,11853.0,132.75,2022-07-15 15:59:00-04:00,12007.75,time,42.0,0.15819209039548024
2022-07-28 11:26:00-04:00,L,12655.0,12448.75,206.25,2022-07-28 15:59:00-04:00,12738.25,time,164.5,0.3987878787878788
2022-08-08 11:42:00-04:00,S,13231.0,13420.0,189.0,2022-08-08 15:59:00-04:00,13181.75,time,96.5,0.2552910052910053
2022-08-11 11:05:00-04:00,S,13455.25,13576.25,121.0,2022-08-11 15:59:00-04:00,13317.5,time,273.5,1.1301652892561984
2022-08-16 11:47:00-04:00,L,13660.5,13522.25,138.25,2022-08-16 15:59:00-04:00,13653.5,time,-16.0,-0.05786618444846293
2022-08-17 14:09:00-04:00,L,13567.0,13405.75,161.25,2022-08-17 15:59:00-04:00,13495.75,time,-144.5,-0.448062015503876
2022-09-12 12:10:00-04:00,S,12640.25,12756.5,116.25,2022-09-12 15:59:00-04:00,12743.0,time,-207.5,-0.8924731182795699
2022-09-15 10:29:00-04:00,S,12109.75,12233.75,124.0,2022-09-15 15:59:00-04:00,12004.5,time,208.5,0.8407258064516129
2022-09-16 11:38:00-04:00,S,11801.5,11915.75,114.25,2022-09-16 15:04:00-04:00,11916.0,SL,-231.0,-1.0109409190371992
2022-09-20 13:29:00-04:00,S,11885.75,12023.5,137.75,2022-09-20 15:59:00-04:00,11926.0,time,-82.5,-0.29945553539019965
2022-09-26 12:25:00-04:00,S,11341.75,11538.25,196.5,2022-09-26 15:59:00-04:00,11320.0,time,41.5,0.10559796437659033
2022-09-30 14:43:00-04:00,S,11142.25,11357.5,215.25,2022-09-30 15:59:00-04:00,11029.0,time,224.5,0.521486643437863
2022-10-05 12:47:00-04:00,L,11539.75,11367.5,172.25,2022-10-05 15:59:00-04:00,11636.0,time,190.5,0.5529753265602322
2022-11-02 14:00:00-04:00,L,11341.5,11190.5,151.0,2022-11-02 14:51:00-04:00,11190.25,SL,-304.5,-1.0082781456953642
2022-11-03 10:45:00-04:00,L,10849.0,10707.5,141.5,2022-11-03 15:59:00-04:00,10724.25,time,-251.5,-0.8886925795053003
2022-11-09 10:33:00-05:00,S,10968.25,11049.75,81.5,2022-11-09 15:59:00-05:00,10831.5,time,271.5,1.665644171779141
2022-11-23 12:57:00-05:00,S,11744.0,11888.5,144.5,2022-11-23 15:19:00-05:00,11888.75,SL,-291.5,-1.008650519031142
2022-11-29 10:30:00-05:00,L,11628.75,11560.75,68.0,2022-11-29 11:03:00-05:00,11560.5,SL,-138.5,-1.0183823529411764
2022-12-30 10:47:00-05:00,L,10948.5,10855.0,93.5,2022-12-30 15:59:00-05:00,11022.75,time,146.5,0.7834224598930482
2023-01-09 15:32:00-05:00,S,11193.75,11386.0,192.25,2023-01-09 15:59:00-05:00,11188.0,time,9.5,0.0247074122236671
2023-01-18 10:37:00-05:00,S,11671.5,11760.0,88.5,2023-01-18 15:59:00-05:00,11479.75,time,381.5,2.1553672316384183
2023-01-25 11:19:00-05:00,L,11724.5,11604.0,120.5,2023-01-25 15:59:00-05:00,11874.75,time,298.5,1.2385892116182573
2023-01-26 15:24:00-05:00,L,12075.75,11903.5,172.25,2023-01-26 15:59:00-05:00,12104.5,time,55.5,0.16110304789550073
2023-02-16 15:31:00-05:00,S,12495.75,12695.0,199.25,2023-02-16 15:59:00-05:00,12482.0,time,25.5,0.06398996235884567
2023-03-06 14:21:00-05:00,S,12351.5,12486.25,134.75,2023-03-06 15:59:00-05:00,12324.0,time,53.0,0.19666048237476808
2023-03-09 12:48:00-05:00,S,12229.5,12354.25,124.75,2023-03-09 15:59:00-05:00,12006.75,time,443.5,1.777555110220441
2023-03-14 14:08:00-04:00,S,12069.5,12223.5,154.0,2023-03-14 15:59:00-04:00,12200.5,time,-264.0,-0.8571428571428571
2023-03-21 13:31:00-04:00,L,12815.5,12711.25,104.25,2023-03-21 15:59:00-04:00,12876.75,time,120.5,0.5779376498800959
2023-03-23 14:25:00-04:00,S,12846.25,13032.0,185.75,2023-03-23 15:59:00-04:00,12847.5,time,-4.5,-0.012113055181695828
2023-03-29 10:34:00-04:00,S,12880.5,12933.5,53.0,2023-03-29 13:28:00-04:00,12933.75,SL,-108.5,-1.0235849056603774
2023-03-30 13:32:00-04:00,S,13036.25,13112.5,76.25,2023-03-30 15:59:00-04:00,13085.25,time,-100.0,-0.6557377049180327
2023-05-04 11:09:00-04:00,L,13087.25,13001.25,86.0,2023-05-04 15:59:00-04:00,13047.75,time,-81.0,-0.47093023255813954
2023-05-08 11:46:00-04:00,L,13311.0,13254.0,57.0,2023-05-08 15:59:00-04:00,13354.25,time,84.5,0.7412280701754386
2023-05-17 11:00:00-04:00,L,13540.75,13474.5,66.25,2023-05-17 15:59:00-04:00,13644.5,time,205.5,1.5509433962264152
2023-05-24 15:20:00-04:00,L,13675.75,13566.25,109.5,2023-05-24 15:59:00-04:00,13653.25,time,-47.0,-0.2146118721461187
2023-06-05 14:33:00-04:00,S,14567.0,14695.75,128.75,2023-06-05 15:59:00-04:00,14587.75,time,-43.5,-0.16893203883495145
2023-06-09 11:28:00-04:00,S,14555.75,14688.5,132.75,2023-06-09 15:59:00-04:00,14556.5,time,-3.5,-0.013182674199623353
2023-06-23 12:15:00-04:00,L,15088.5,14984.25,104.25,2023-06-23 15:59:00-04:00,15060.0,time,-59.0,-0.2829736211031175
2023-07-06 12:35:00-04:00,L,15214.75,15111.5,103.25,2023-07-06 15:59:00-04:00,15235.5,time,39.5,0.19128329297820823
2023-07-11 11:59:00-04:00,L,15234.5,15108.5,126.0,2023-07-11 15:59:00-04:00,15258.75,time,46.5,0.18452380952380953
2023-07-12 11:39:00-04:00,S,15407.25,15508.25,101.0,2023-07-12 15:59:00-04:00,15452.25,time,-92.0,-0.45544554455445546
2023-07-14 14:25:00-04:00,S,15720.25,15858.0,137.75,2023-07-14 15:59:00-04:00,15703.25,time,32.0,0.1161524500907441
2023-07-26 14:39:00-04:00,L,15639.75,15514.5,125.25,2023-07-26 15:59:00-04:00,15613.25,time,-55.0,-0.21956087824351297
2023-08-04 12:25:00-04:00,L,15584.75,15392.25,192.5,2023-08-04 14:39:00-04:00,15392.0,SL,-387.5,-1.0064935064935066
2023-08-07 15:50:00-04:00,L,15474.0,15334.0,140.0,2023-08-07 15:59:00-04:00,15486.0,time,22.0,0.07857142857142857
2023-08-11 11:25:00-04:00,S,15056.5,15174.75,118.25,2023-08-11 15:59:00-04:00,15101.5,time,-92.0,-0.3890063424947146
2023-08-16 11:50:00-04:00,S,15050.0,15145.0,95.0,2023-08-16 15:59:00-04:00,14939.75,time,218.5,1.15
2023-08-21 11:10:00-04:00,S,14804.75,14932.75,128.0,2023-08-21 13:25:00-04:00,14933.0,SL,-258.5,-1.009765625
2023-08-25 10:27:00-04:00,S,14891.25,15049.5,158.25,2023-08-25 15:59:00-04:00,14978.0,time,-175.5,-0.5545023696682464
2023-09-08 14:59:00-04:00,S,15269.75,15391.0,121.25,2023-09-08 15:59:00-04:00,15295.5,time,-53.5,-0.22061855670103092
2023-09-11 13:31:00-04:00,L,15449.0,15338.25,110.75,2023-09-11 15:59:00-04:00,15474.75,time,49.5,0.2234762979683973
2023-09-13 10:40:00-04:00,L,15562.5,15453.5,109.0,2023-09-13 15:59:00-04:00,15554.5,time,-18.0,-0.08256880733944955
2023-09-19 13:47:00-04:00,L,15374.0,15248.0,126.0,2023-09-19 15:59:00-04:00,15377.0,time,4.0,0.015873015873015872
2023-09-29 10:24:00-04:00,S,14976.0,15061.25,85.25,2023-09-29 15:59:00-04:00,14868.0,time,214.0,1.2551319648093842
2023-10-11 16:01:00-04:00,L,15388.25,15252.5,135.75,2023-10-11 15:59:00-04:00,15376.75,time,-25.0,-0.09208103130755065
2023-10-17 10:09:00-04:00,L,15142.75,15049.5,93.25,2023-10-17 15:59:00-04:00,15240.5,time,193.5,1.0375335120643432
2023-10-19 12:02:00-04:00,L,15110.0,14965.75,144.25,2023-10-19 12:34:00-04:00,14965.5,SL,-291.0,-1.0086655112651646
2023-10-24 12:21:00-04:00,S,14761.75,14878.25,116.5,2023-10-24 15:59:00-04:00,14846.75,time,-172.0,-0.7381974248927039
2023-10-27 10:05:00-04:00,L,14350.25,14290.5,59.75,2023-10-27 10:41:00-04:00,14290.25,SL,-122.0,-1.0209205020920502
2023-10-30 10:28:00-04:00,S,14334.0,14476.75,142.75,2023-10-30 15:59:00-04:00,14419.0,time,-172.0,-0.6024518388791593
2023-11-09 11:07:00-05:00,L,15420.0,15345.75,74.25,2023-11-09 13:03:00-05:00,15345.5,SL,-151.0,-1.0168350168350169
2023-12-04 15:50:00-05:00,L,15877.0,15720.75,156.25,2023-12-04 15:59:00-05:00,15871.0,time,-14.0,-0.0448
2023-12-15 13:41:00-05:00,S,16779.5,16887.75,108.25,2023-12-15 15:59:00-05:00,16820.0,time,-83.0,-0.3833718244803695
2023-12-27 13:12:00-05:00,L,17122.5,17055.0,67.5,2023-12-27 15:59:00-05:00,17116.5,time,-14.0,-0.1037037037037037
2024-01-04 15:55:00-05:00,S,16442.25,16584.5,142.25,2024-01-04 15:59:00-05:00,16444.25,time,-6.0,-0.0210896309314587
2024-01-05 13:16:00-05:00,S,16436.5,16577.5,141.0,2024-01-05 15:59:00-05:00,16464.0,time,-57.0,-0.20212765957446807
2024-01-17 14:45:00-05:00,L,16843.5,16688.5,155.0,2024-01-17 15:59:00-05:00,16868.5,time,48.0,0.15483870967741936
2024-01-18 12:13:00-05:00,S,16994.75,17103.0,108.25,2024-01-18 14:30:00-05:00,17103.25,SL,-219.0,-1.0115473441108545
2024-01-24 14:23:00-05:00,S,17636.5,17794.5,158.0,2024-01-24 15:59:00-05:00,17625.0,time,21.0,0.06645569620253164
2024-02-13 14:53:00-05:00,S,17585.75,17792.5,206.75,2024-02-13 15:59:00-05:00,17680.5,time,-191.5,-0.46311970979443773
2024-02-14 11:00:00-05:00,S,17742.25,17847.5,105.25,2024-02-14 15:39:00-05:00,17847.75,SL,-213.0,-1.01187648456057
2024-02-15 13:17:00-05:00,L,17903.75,17779.75,124.0,2024-02-15 15:59:00-05:00,17913.75,time,18.0,0.07258064516129033
2024-02-21 10:31:00-05:00,S,17454.75,17526.25,71.5,2024-02-21 15:55:00-05:00,17526.5,SL,-145.5,-1.0174825174825175
2024-02-29 15:48:00-05:00,L,18073.0,17897.5,175.5,2024-02-29 15:59:00-05:00,18066.5,time,-15.0,-0.042735042735042736
2024-03-06 11:55:00-05:00,L,18127.0,17963.0,164.0,2024-03-06 15:59:00-05:00,18044.25,time,-167.5,-0.510670731707317
2024-03-18 11:53:00-04:00,S,18276.75,18381.25,104.5,2024-03-18 15:59:00-04:00,18229.5,time,92.5,0.44258373205741625
2024-03-28 13:17:00-04:00,S,18456.25,18539.75,83.5,2024-03-28 15:59:00-04:00,18463.0,time,-15.5,-0.09281437125748503
2024-04-02 13:00:00-04:00,L,18293.0,18200.5,92.5,2024-04-02 15:59:00-04:00,18330.5,time,73.0,0.3945945945945946
2024-04-09 16:03:00-04:00,L,18405.75,18159.75,246.0,2024-04-09 15:59:00-04:00,18362.0,time,-89.5,-0.18191056910569106
2024-04-18 13:24:00-04:00,S,17550.25,17746.5,196.25,2024-04-18 15:59:00-04:00,17545.25,time,8.0,0.02038216560509554
2024-05-03 10:13:00-04:00,S,17918.5,18050.5,132.0,2024-05-03 15:59:00-04:00,18001.75,time,-168.5,-0.6382575757575758
2024-05-07 10:55:00-04:00,L,18237.0,18180.75,56.25,2024-05-07 14:19:00-04:00,18180.5,SL,-115.0,-1.0222222222222221
2024-05-16 13:25:00-04:00,S,18671.25,18761.25,90.0,2024-05-16 15:59:00-04:00,18651.0,time,38.5,0.21388888888888888
2024-05-22 13:37:00-04:00,S,18788.25,18839.0,50.75,2024-05-22 15:59:00-04:00,18794.0,time,-13.5,-0.1330049261083744
2024-05-28 11:32:00-04:00,L,18937.75,18838.25,99.5,2024-05-28 14:36:00-04:00,18838.0,SL,-201.5,-1.0125628140703518
2024-06-17 10:10:00-04:00,L,19710.5,19639.75,70.75,2024-06-17 15:59:00-04:00,19925.25,time,427.5,3.021201413427562
2024-06-24 10:01:00-04:00,L,19966.0,19866.25,99.75,2024-06-24 10:43:00-04:00,19866.0,SL,-202.0,-1.012531328320802
2024-06-28 12:16:00-04:00,S,20038.25,20273.75,235.5,2024-06-28 15:59:00-04:00,19932.75,time,209.0,0.4437367303609342
2024-07-10 11:00:00-04:00,S,20720.75,20796.25,75.5,2024-07-10 12:22:00-04:00,20796.5,SL,-153.5,-1.0165562913907285
2024-07-15 13:01:00-04:00,S,20594.75,20797.0,202.25,2024-07-15 15:59:00-04:00,20593.75,time,0.0,0.0
2024-07-22 11:16:00-04:00,S,19881.5,20027.25,145.75,2024-07-22 14:09:00-04:00,20027.5,SL,-294.0,-1.0085763293310464
2024-07-23 12:57:00-04:00,S,19932.5,20085.5,153.0,2024-07-23 15:59:00-04:00,19924.75,time,13.5,0.04411764705882353
2024-08-14 11:53:00-04:00,L,19175.75,18925.0,250.75,2024-08-14 15:59:00-04:00,19107.75,time,-138.0,-0.27517447657028915
2024-08-29 14:30:00-04:00,S,19477.25,19692.5,215.25,2024-08-29 15:59:00-04:00,19393.5,time,165.5,0.38443670150987225
2024-08-30 10:57:00-04:00,S,19512.25,19628.5,116.25,2024-08-30 15:59:00-04:00,19628.75,SL,-235.0,-1.010752688172043
2024-09-02 10:35:00-04:00,L,19644.75,19587.25,57.5,2024-09-02 12:49:00-04:00,19644.0,time,-3.5,-0.030434782608695653
2024-09-05 11:25:00-04:00,S,18884.0,19150.75,266.75,2024-09-05 15:59:00-04:00,18975.75,time,-185.5,-0.3477038425492034
2024-09-09 10:30:00-04:00,S,18604.25,18721.0,116.75,2024-09-09 13:06:00-04:00,18721.25,SL,-236.0,-1.0107066381156318
2024-09-17 10:45:00-04:00,L,19594.5,19474.75,119.75,2024-09-17 12:18:00-04:00,19474.5,SL,-242.0,-1.010438413361169
2024-09-20 15:39:00-04:00,L,20083.25,19859.5,223.75,2024-09-20 15:59:00-04:00,20032.75,time,-103.0,-0.23016759776536314
2024-09-25 13:00:00-04:00,S,20137.5,20273.25,135.75,2024-09-25 15:59:00-04:00,20195.0,time,-117.0,-0.430939226519337
2024-10-14 11:01:00-04:00,S,20540.0,20680.5,140.5,2024-10-14 15:59:00-04:00,20621.75,time,-165.5,-0.5889679715302492
2024-10-16 14:21:00-04:00,L,20358.25,20204.75,153.5,2024-10-16 15:59:00-04:00,20346.25,time,-26.0,-0.08469055374592833
2024-10-25 13:44:00-04:00,S,20489.25,20708.0,218.75,2024-10-25 15:59:00-04:00,20495.25,time,-14.0,-0.032
2024-10-30 15:54:00-04:00,S,20542.25,20700.0,157.75,2024-10-30 15:59:00-04:00,20536.25,time,10.0,0.03169572107765452
2024-11-20 15:55:00-05:00,L,20756.75,20476.75,280.0,2024-11-20 15:59:00-05:00,20751.75,time,-12.0,-0.02142857142857143
2024-11-22 12:50:00-05:00,L,20857.75,20721.5,136.25,2024-11-22 15:59:00-05:00,20847.25,time,-23.0,-0.08440366972477065
2024-11-26 10:00:00-05:00,S,20937.75,21025.5,87.75,2024-11-26 15:59:00-05:00,20989.75,time,-106.0,-0.603988603988604
2024-12-05 12:12:00-05:00,L,21552.75,21487.0,65.75,2024-12-05 13:24:00-05:00,21486.75,SL,-134.0,-1.0190114068441065
2024-12-10 10:58:00-05:00,S,21504.5,21607.25,102.75,2024-12-10 15:59:00-05:00,21408.25,time,190.5,0.927007299270073
2024-12-17 11:34:00-05:00,L,22062.25,21942.25,120.0,2024-12-17 15:59:00-05:00,22015.5,time,-95.5,-0.39791666666666664
2024-12-30 11:20:00-05:00,L,21417.75,21252.25,165.5,2024-12-30 15:59:00-05:00,21411.75,time,-14.0,-0.04229607250755287
2025-01-06 13:45:00-05:00,S,21723.0,21897.5,174.5,2025-01-06 15:59:00-05:00,21750.25,time,-56.5,-0.16189111747851004
2025-01-31 13:34:00-05:00,S,21763.25,21966.25,203.0,2025-01-31 15:59:00-05:00,21580.5,time,363.5,0.895320197044335
2025-02-03 10:24:00-05:00,L,21315.5,21112.75,202.75,2025-02-03 15:59:00-05:00,21406.5,time,180.0,0.4438964241676942
2025-02-19 11:11:00-05:00,L,22222.25,22117.5,104.75,2025-02-19 15:59:00-05:00,22246.5,time,46.5,0.22195704057279236
2025-02-26 13:29:00-05:00,S,21187.75,21410.25,222.5,2025-02-26 15:59:00-05:00,21192.25,time,-11.0,-0.024719101123595506
2025-03-04 12:28:00-05:00,L,20430.75,20075.25,355.5,2025-03-04 15:59:00-05:00,20397.0,time,-69.5,-0.09774964838255977
2025-03-05 12:23:00-05:00,L,20456.5,20214.5,242.0,2025-03-05 15:59:00-05:00,20657.75,time,400.5,0.8274793388429752
2025-03-06 12:03:00-05:00,S,20227.5,20513.75,286.25,2025-03-06 15:59:00-05:00,20094.25,time,264.5,0.46200873362445416
2025-03-07 10:31:00-05:00,S,20023.5,20242.75,219.25,2025-03-07 14:22:00-05:00,20243.0,SL,-441.0,-1.0057012542759407
2025-04-08 11:12:00-04:00,S,18061.5,18357.75,296.25,2025-04-08 15:59:00-04:00,17239.5,time,1642.0,2.771308016877637
2025-05-06 10:17:00-04:00,L,19865.25,19737.75,127.5,2025-05-06 15:59:00-04:00,19875.5,time,18.5,0.07254901960784314
2025-05-20 10:39:00-04:00,L,21440.5,21353.5,87.0,2025-05-20 14:28:00-04:00,21353.25,SL,-176.5,-1.014367816091954
2025-06-04 14:00:00-04:00,L,21794.25,21640.5,153.75,2025-06-04 15:59:00-04:00,21757.25,time,-76.0,-0.24715447154471545
2025-07-09 10:36:00-04:00,S,22977.0,23111.75,134.75,2025-07-09 15:59:00-04:00,23051.25,time,-150.5,-0.5584415584415584
2025-07-16 15:40:00-04:00,L,23090.75,22835.25,255.5,2025-07-16 15:59:00-04:00,23074.25,time,-35.0,-0.0684931506849315
2025-07-28 11:19:00-04:00,S,23461.75,23528.25,66.5,2025-07-28 15:59:00-04:00,23492.0,time,-62.5,-0.4699248120300752
2025-08-05 10:17:00-04:00,S,23302.75,23397.75,95.0,2025-08-05 15:59:00-04:00,23134.0,time,335.5,1.7657894736842106
2025-08-21 11:55:00-04:00,S,23198.75,23348.75,150.0,2025-08-21 15:59:00-04:00,23218.25,time,-41.0,-0.13666666666666666
2025-08-27 10:14:00-04:00,L,23566.0,23488.0,78.0,2025-08-27 15:59:00-04:00,23619.75,time,105.5,0.6762820512820513
2025-08-28 11:16:00-04:00,L,23744.0,23572.0,172.0,2025-08-28 15:59:00-04:00,23766.0,time,42.0,0.12209302325581395
2025-09-04 11:22:00-04:00,L,23549.0,23409.5,139.5,2025-09-04 15:59:00-04:00,23666.0,time,232.0,0.8315412186379928
2025-09-08 13:52:00-04:00,S,23770.5,23888.5,118.0,2025-09-08 15:59:00-04:00,23803.75,time,-68.5,-0.2902542372881356
2025-09-29 11:36:00-04:00,S,24847.5,24975.5,128.0,2025-09-29 15:59:00-04:00,24837.5,time,18.0,0.0703125
2025-09-30 13:24:00-04:00,S,24740.5,24864.5,124.0,2025-09-30 15:26:00-04:00,24864.75,SL,-250.5,-1.0100806451612903
2025-10-16 11:27:00-04:00,S,25035.25,25180.25,145.0,2025-10-16 15:59:00-04:00,24831.0,time,406.5,1.4017241379310346
2025-10-21 11:47:00-04:00,L,25305.25,25202.5,102.75,2025-10-21 15:59:00-04:00,25291.0,time,-30.5,-0.14841849148418493
2025-10-28 12:27:00-04:00,L,26094.75,26005.5,89.25,2025-10-28 15:59:00-04:00,26160.0,time,128.5,0.7198879551820728
2025-11-07 14:59:00-05:00,L,25112.25,24708.5,403.75,2025-11-07 15:59:00-05:00,25163.75,time,101.0,0.12507739938080495
2025-11-10 12:55:00-05:00,L,25640.5,25451.75,188.75,2025-11-10 15:59:00-05:00,25712.75,time,142.5,0.37748344370860926
2025-11-17 11:16:00-05:00,S,24954.5,25255.25,300.75,2025-11-17 15:59:00-05:00,24888.25,time,130.5,0.2169576059850374
2025-11-19 12:33:00-05:00,S,24572.0,24988.5,416.5,2025-11-19 15:59:00-05:00,24724.75,time,-307.5,-0.36914765906362546
2025-11-25 11:22:00-05:00,L,24882.75,24601.5,281.25,2025-11-25 15:59:00-05:00,25079.0,time,390.5,0.6942222222222222
2025-11-26 10:59:00-05:00,L,25271.75,25134.25,137.5,2025-11-26 15:59:00-05:00,25295.75,time,46.0,0.16727272727272727
2025-12-02 11:23:00-05:00,S,25470.5,25670.5,200.0,2025-12-02 15:59:00-05:00,25600.25,time,-261.5,-0.65375
2025-12-05 11:31:00-05:00,S,25659.75,25868.25,208.5,2025-12-05 15:59:00-05:00,25726.25,time,-135.0,-0.3237410071942446
2025-12-10 12:54:00-05:00,L,25664.0,25527.75,136.25,2025-12-10 15:59:00-05:00,25800.0,time,270.0,0.9908256880733946
2025-12-30 15:59:00-05:00,S,25674.75,25794.5,119.75,2025-12-30 15:59:00-05:00,25678.25,time,-9.0,-0.037578288100208766
2026-02-10 15:06:00-05:00,S,25264.5,25447.5,183.0,2026-02-10 15:59:00-05:00,25219.25,time,88.5,0.24180327868852458
2026-02-19 13:20:00-05:00,S,24761.75,24962.25,200.5,2026-02-19 15:59:00-05:00,24863.25,time,-205.0,-0.5112219451371571
2026-03-06 15:37:00-05:00,S,24611.0,24921.5,310.5,2026-03-06 15:59:00-05:00,24667.5,time,-115.0,-0.18518518518518517
2026-03-16 10:50:00-04:00,S,24622.25,24766.25,144.0,2026-03-16 15:09:00-04:00,24766.5,SL,-290.5,-1.0086805555555556
2026-03-17 11:36:00-04:00,S,24745.75,24897.25,151.5,2026-03-17 15:59:00-04:00,24792.0,time,-94.5,-0.3118811881188119
2026-03-26 10:55:00-04:00,S,24065.25,24241.75,176.5,2026-03-26 15:59:00-04:00,23787.25,time,554.0,1.5694050991501416
2026-03-31 10:56:00-04:00,S,23378.0,23589.0,211.0,2026-03-31 12:38:00-04:00,23589.25,SL,-424.5,-1.0059241706161137
2026-04-09 11:32:00-04:00,L,25113.5,24959.75,153.75,2026-04-09 15:59:00-04:00,25248.5,time,268.0,0.8715447154471545
2026-04-10 11:40:00-04:00,S,25289.25,25394.0,104.75,2026-04-10 15:59:00-04:00,25284.25,time,8.0,0.03818615751789976
2026-04-21 11:00:00-04:00,S,26725.5,26885.5,160.0,2026-04-21 15:59:00-04:00,26642.25,time,164.5,0.5140625
2026-05-29 10:26:00-04:00,S,30364.75,30536.25,171.5,2026-05-29 15:59:00-04:00,30397.5,time,-67.5,-0.1967930029154519
2026-06-09 10:00:00-04:00,S,29632.5,29847.5,215.0,2026-06-09 15:59:00-04:00,29116.25,time,1030.5,2.396511627906977
2026-06-23 14:45:00-04:00,S,29615.75,30047.25,431.5,2026-06-23 15:59:00-04:00,29651.0,time,-72.5,-0.08400926998841252
2026-06-29 11:30:00-04:00,L,29795.75,29273.5,522.25,2026-06-29 15:59:00-04:00,30046.0,time,498.5,0.47726184777405456
2026-07-01 15:57:00-04:00,S,30086.5,30358.25,271.75,2026-07-01 15:59:00-04:00,30081.0,time,9.0,0.01655933762649494
2026-07-09 10:20:00-04:00,S,29670.75,29931.0,260.25,2026-07-09 13:06:00-04:00,29931.25,SL,-523.0,-1.004803073967339
2026-07-21 10:45:00-04:00,L,29247.5,29062.5,185.0,2026-07-21 15:59:00-04:00,29310.5,time,124.0,0.33513513513513515
2026-07-24 12:10:00-04:00,L,28623.0,28253.75,369.25,2026-07-24 15:07:00-04:00,28253.5,SL,-741.0,-1.0033852403520649
2026-07-28 11:26:00-04:00,L,27993.75,27602.75,391.0,2026-07-28 15:59:00-04:00,27919.25,time,-151.0,-0.19309462915601022
2026-08-28 10:38:00-04:00,L,29702.0,29505.0,197.0,2026-08-28 12:18:00-04:00,29504.75,SL,-396.5,-1.0063451776649746
2026-09-01 14:42:00-04:00,S,29039.25,29317.75,278.5,2026-09-01 15:59:00-04:00,29126.5,time,-176.5,-0.31687612208258525
2026-09-30 15:59:00-04:00,S,30681.5,30906.5,225.0,2026-09-30 15:59:00-04:00,30693.0,time,-25.0,-0.05555555555555555
