sess,j,entry_time,side,stop,risk,close,smt,smt_type,sweep_j,ext,lvl,lvlB,gap_i,gap_top,gap_bot,inwin,zone,zones,tp,entry,exit_time,exit,reason,pnl,R
2,1242,2019-06-05 10:36:00-04:00,L,7159.75,12.75,7172.5,ONL,level,1236,7160.25,7180.0,2806.0,1241,7172.75,7171.5,True,4H,1H+4H,7210.75,7172.75,2019-06-05 10:48:00-04:00,7159.5,SL,-28.5,-1.1176470588235294
20,9357,2019-07-01 10:42:00-04:00,L,7794.25,15.75,7810.0,VAH,level,9336,7794.75,7840.0,2980.0,9352,7809.25,7808.25,True,1H,1H,7857.25,7810.25,2019-07-01 11:30:00-04:00,7794.0,SL,-34.5,-1.0952380952380953
34,15565,2019-07-19 10:18:00-04:00,L,7930.0,17.25,7947.25,ONL,level,15562,7930.5,7936.25,2996.25,15562,7947.75,7938.75,True,4H,15m+4H,7999.0,7947.5,2019-07-19 10:27:00-04:00,7929.75,SL,-37.5,-1.0869565217391304
41,18747,2019-07-30 10:09:00-04:00,S,7977.5,16.5,7961.0,VWAP,level,18736,7977.0,7965.023960504469,3011.920409607828,18745,7969.5,7965.0,True,4H,1H+4H,7911.5,7960.75,2019-07-30 11:30:00-04:00,7977.75,SL,-36.0,-1.0909090909090908
67,30505,2019-09-04 10:18:00-04:00,L,7664.0,10.75,7674.75,VAL,level,30501,7664.5,7675.0,2923.0,30503,7674.25,7672.75,True,4H,4H,7707.0,7675.0,2019-09-04 11:57:00-04:00,7699.75,time,47.5,2.2093023255813953
69,31404,2019-09-06 09:45:00-04:00,L,7840.25,17.5,7857.75,ONL,level,31400,7840.75,7851.75,2970.25,31401,7858.75,7850.25,True,1H,1H,7910.25,7858.0,2019-09-06 11:57:00-04:00,7858.25,time,-1.5,-0.04285714285714286
103,46875,2019-10-24 10:12:00-04:00,L,7916.25,12.5,7928.75,VWAP+1s,level,46861,7916.75,7943.484986301362,3010.987045032479,46872,7927.5,7925.25,True,1H,1H,7966.25,7929.0,2019-10-24 11:30:00-04:00,7966.0,TP,72.0,2.88
107,48691,2019-10-30 10:00:00-04:00,S,8057.25,10.75,8046.5,POC,level,48688,8056.75,8054.5,3034.5,48688,8050.0,8049.0,True,15m,15m,8014.25,8046.25,2019-10-30 10:27:00-04:00,8057.5,SL,-24.5,-1.1395348837209303
108,49160,2019-10-31 10:42:00-04:00,L,8045.5,18.75,8064.25,ONL,level,49146,8046.0,8081.75,3033.5,49157,8060.25,8054.0,True,1D,1D,8120.5,8064.5,2019-10-31 11:57:00-04:00,8077.5,time,24.0,0.64
109,49595,2019-11-01 09:42:00-04:00,L,8117.0,11.0,8128.0,POC,level,49591,8117.5,8125.5,3042.5,49592,8127.5,8126.5,True,15m,15m,8161.0,8128.25,2019-11-01 10:06:00-04:00,8160.75,TP,63.0,2.8636363636363638
152,68954,2020-01-03 10:18:00-05:00,S,8841.25,24.75,8816.5,VAH,level,68939,8840.75,8824.0,3244.0,68953,8824.75,8822.25,True,4H,1H+4H,8742.25,8816.25,2020-01-03 11:57:00-05:00,8834.5,time,-38.5,-0.7777777777777778
166,75255,2020-01-23 10:36:00-05:00,S,9215.75,10.0,9205.75,ONH,level,75253,9215.25,9210.75,3321.25,75254,9208.0,9207.0,True,15m,15m,9175.75,9205.5,2020-01-23 11:30:00-05:00,9176.0,TP,57.0,2.85
169,76602,2020-01-28 09:42:00-05:00,L,9000.75,13.5,9014.25,POC,level,76599,9001.25,9026.5,3248.5,76601,9012.5,9009.75,True,15m,15m,9054.75,9014.5,2020-01-28 10:24:00-05:00,9054.5,TP,78.0,2.888888888888889
175,79354,2020-02-05 10:48:00-05:00,L,9317.75,24.0,9341.75,VAL,level,79351,9318.25,9319.0,3309.0,79351,9342.75,9334.75,True,4H,1H+4H,9413.75,9342.0,2020-02-05 11:57:00-05:00,9362.75,time,39.5,0.8229166666666666
184,83365,2020-02-18 10:21:00-05:00,S,9628.5,8.0,9620.5,VWAP+2s,level,83349,9628.0,9608.609998937973,3375.405706236242,83361,9622.0,9620.75,True,1H,1H,9596.5,9620.25,2020-02-18 10:27:00-05:00,9596.75,TP,45.0,2.8125
193,87448,2020-03-02 09:45:00-05:00,L,8484.25,65.5,8549.75,VWAP,level,87445,8484.75,8490.622791926422,2956.5631678475247,87445,8539.0,8534.5,True,15m,15m,8746.25,8550.0,2020-03-02 10:03:00-05:00,8484.0,SL,-134.0,-1.0229007633587786
199,90132,2020-03-10 10:15:00-04:00,S,8253.5,31.5,8222.0,POC,level,90122,8253.0,8178.5,2817.5,90131,8236.75,8224.75,True,15m,15m,8127.5,8221.75,2020-03-10 10:18:00-04:00,8253.75,SL,-66.0,-1.0476190476190477
208,93787,2020-03-23 10:00:00-04:00,S,7043.25,57.5,6985.75,VWAP+1s,level,93778,7042.75,7004.460267845017,2316.292049794709,93786,7006.5,7001.75,True,15m,15m,6813.25,6985.5,2020-03-23 10:12:00-04:00,7043.5,SL,-118.0,-1.0260869565217392
209,94242,2020-03-24 10:03:00-04:00,L,7310.75,53.5,7364.25,VAH,level,94231,7311.25,7338.0,2334.0,94241,7363.5,7349.5,True,15m,15m,7524.75,7364.5,2020-03-24 11:57:00-04:00,7454.25,time,177.5,1.658878504672897
212,95602,2020-03-27 09:48:00-04:00,L,7577.5,43.5,7621.0,VWAP-2s,level,95600,7578.0,7593.421504389005,2503.053673154262,95601,7615.0,7608.75,True,4H,1H+4H,7751.5,7621.25,2020-03-27 11:57:00-04:00,7602.5,time,-39.5,-0.4540229885057471
216,97443,2020-04-02 10:39:00-04:00,S,7617.75,50.75,7567.0,VAL,level,97420,7617.25,7481.0,2463.0,97442,7585.25,7569.75,True,15m,15m,7414.75,7566.75,2020-04-02 11:57:00-04:00,7596.5,time,-61.5,-0.6059113300492611
218,98359,2020-04-06 10:54:00-04:00,L,7830.25,26.75,7857.0,VWAP+1s,level,98342,7830.75,7844.465455080383,2590.33733285429,98358,7851.0,7849.5,True,15m,15m,7937.25,7857.25,2020-04-06 11:57:00-04:00,7889.0,time,61.5,1.1495327102803738
219,98814,2020-04-07 10:54:00-04:00,L,8068.5,39.5,8108.0,POC,level,98786,8069.0,8268.5,2729.5,98813,8108.25,8097.25,True,1H,1H,8226.5,8108.25,2020-04-07 11:57:00-04:00,8173.75,time,129.0,1.6329113924050633
221,99714,2020-04-09 10:24:00-04:00,L,8156.25,42.25,8198.5,POC,level,99713,8156.75,8175.5,2732.5,99713,8192.0,8190.5,True,15m,15m,8325.25,8198.75,2020-04-09 11:57:00-04:00,8239.75,time,80.0,0.9467455621301775
229,103355,2020-04-22 10:27:00-04:00,S,8593.5,19.5,8574.0,VWAP+1s,level,103342,8593.0,8550.202006820818,2778.07205181331,103354,8579.5,8577.25,True,4H,15m+4H,8515.5,8573.75,2020-04-22 10:30:00-04:00,8593.75,SL,-42.0,-1.0769230769230769
237,107003,2020-05-04 10:51:00-04:00,S,8769.5,36.25,8733.25,ONH,level,106983,8769.0,8696.5,2814.5,107000,8740.25,8738.0,True,1H,1H,8624.5,8733.0,2020-05-04 11:24:00-04:00,8769.75,SL,-75.5,-1.0413793103448277
253,114191,2020-05-26 10:00:00-04:00,L,9482.25,29.0,9511.25,ONL,level,114189,9482.75,9503.75,2980.75,114190,9506.25,9498.25,True,1H,1H,9598.25,9511.5,2020-05-26 10:42:00-04:00,9482.0,SL,-61.0,-1.0517241379310345
279,125983,2020-07-01 10:00:00-04:00,L,10125.25,36.5,10161.75,VWAP,level,125981,10125.75,10134.474325524547,3088.3636088715,125981,10154.0,10144.25,True,1H,1H,10271.25,10162.0,2020-07-01 11:57:00-04:00,10229.5,time,133.0,1.821917808219178
283,127727,2020-07-07 09:57:00-04:00,S,10633.75,26.25,10607.5,VWAP+1s,level,127723,10633.25,10619.654935101478,3165.372572344186,127724,10617.0,10609.5,True,15m,15m,10528.75,10607.25,2020-07-07 10:09:00-04:00,10634.0,SL,-55.5,-1.0571428571428572
297,134099,2020-07-27 10:03:00-04:00,S,10636.25,28.25,10608.0,PDH,level,134091,10635.75,10597.75,3239.0,134095,10611.0,10609.0,True,1D,1D+4H,10523.25,10607.75,2020-07-27 11:36:00-04:00,10523.5,TP,166.5,2.9469026548672566
317,143207,2020-08-24 10:27:00-04:00,S,11666.0,33.75,11632.25,POC,level,143201,11665.5,11605.5,3421.5,143203,11639.25,11630.75,True,15m,15m,11531.0,11632.0,2020-08-24 10:57:00-04:00,11531.25,TP,199.5,2.9555555555555557
337,152223,2020-09-21 10:00:00-04:00,S,10841.0,69.25,10771.75,VWAP,level,152219,10840.5,10821.77940200956,3269.554745293943,152219,10790.0,10780.5,True,1H,1H,10564.0,10771.5,2020-09-21 11:57:00-04:00,10801.75,time,-62.5,-0.45126353790613716
338,152683,2020-09-22 10:15:00-04:00,S,11049.25,31.25,11018.0,VWAP+1s,level,152681,11048.75,11039.97708546785,3284.312283665321,152682,11022.75,11018.75,True,15m,15m,10924.25,11017.75,2020-09-22 10:30:00-04:00,11049.5,SL,-65.5,-1.048
342,154502,2020-09-28 10:12:00-04:00,L,11240.75,45.75,11286.5,VWAP,level,154494,11241.25,11262.541797248216,3320.34037605233,154501,11272.75,11264.25,True,4H,4H,11423.75,11286.75,2020-09-28 10:51:00-04:00,11240.5,SL,-94.5,-1.0327868852459017
346,156336,2020-10-02 10:54:00-04:00,L,11368.5,58.0,11426.5,VAH,level,156314,11369.0,11410.0,3331.0,156332,11421.75,11411.5,True,15m,15m,11600.5,11426.75,2020-10-02 11:30:00-04:00,11368.25,SL,-119.0,-1.0258620689655173
353,159504,2020-10-13 10:03:00-04:00,S,12100.0,37.75,12062.25,POC,level,159497,12099.5,12058.5,3519.5,159503,12079.25,12076.5,True,15m,15m,11949.0,12062.0,2020-10-13 10:21:00-04:00,12100.25,SL,-78.5,-1.0397350993377483
354,159970,2020-10-14 10:36:00-04:00,L,12026.75,35.5,12062.25,ONL,level,159966,12027.25,12063.5,3493.75,159969,12043.0,12041.75,True,4H,4H,12168.75,12062.5,2020-10-14 11:45:00-04:00,12026.5,SL,-74.0,-1.0422535211267605
355,160413,2020-10-15 10:00:00-04:00,S,11880.5,31.5,11849.0,VWAP,level,160405,11880.0,11837.018711358174,3451.6833305611867,160411,11866.0,11852.25,True,1H,1H,11754.5,11848.75,2020-10-15 10:42:00-04:00,11754.75,TP,186.0,2.9523809523809526
357,161328,2020-10-19 10:15:00-04:00,L,11808.25,38.5,11846.75,VWAP-2s,level,161323,11808.75,11863.896039693884,3479.026155291781,161327,11841.25,11837.0,True,NDOG,NDOG,11962.25,11847.0,2020-10-19 10:33:00-04:00,11808.0,SL,-80.0,-1.0389610389610389
375,169521,2020-11-12 10:24:00-05:00,S,11964.5,35.25,11929.25,VAH,level,169503,11964.0,11922.0,3560.0,169518,11946.5,11935.75,True,4H,4H,11823.5,11929.0,2020-11-12 10:39:00-05:00,11964.75,SL,-73.5,-1.0425531914893618
395,178476,2020-12-10 10:24:00-05:00,S,12421.0,21.75,12399.25,VWAP+2s,level,178470,12420.5,12393.690832011212,3680.8415185906692,178475,12407.25,12399.75,True,4H,1H+4H,12334.0,12399.0,2020-12-10 10:39:00-05:00,12421.25,SL,-46.5,-1.0689655172413792
421,190170,2021-01-19 10:51:00-05:00,S,12915.0,36.0,12879.0,VWAP-1s,level,190150,12914.5,12880.164873832928,3781.4695375329575,190168,12889.25,12885.75,True,4H,4H,12771.0,12878.75,2021-01-19 11:57:00-05:00,12900.25,time,-45.0,-0.625
431,194714,2021-02-02 10:33:00-05:00,L,13365.25,45.5,13410.75,VWAP+1s,level,194700,13365.75,13380.080990947592,3808.198336910369,194713,13407.25,13404.0,True,4H,15m+4H,13547.25,13411.0,2021-02-02 11:57:00-05:00,13456.25,time,88.5,0.9725274725274725
449,202813,2021-02-26 09:45:00-05:00,S,13032.25,63.5,12968.75,VWAP+2s,level,202810,13031.75,12978.513018486936,3852.665642415554,202811,12988.75,12981.75,True,4H,1H+4H,12778.25,12968.5,2021-02-26 10:27:00-05:00,12778.5,TP,378.0,2.9763779527559056
457,206457,2021-03-10 09:57:00-05:00,S,12980.0,67.75,12912.25,VWAP+2s,level,206449,12979.5,12951.180334298735,3904.179176614596,206455,12952.75,12947.75,True,4H,4H,12709.0,12912.0,2021-03-10 11:57:00-05:00,12838.5,time,145.0,1.070110701107011
469,211927,2021-03-26 10:27:00-04:00,L,12776.5,50.0,12826.5,POC,level,211921,12777.0,12825.5,3910.5,211924,12810.5,12806.5,True,15m,15m,12976.5,12826.75,2021-03-26 11:21:00-04:00,12776.25,SL,-103.0,-1.03
501,226330,2021-05-11 10:06:00-04:00,S,13279.75,52.75,13227.0,VAH,level,226327,13279.25,13247.0,4169.0,226328,13242.0,13235.0,True,4H,4H,13068.75,13226.75,2021-05-11 11:21:00-04:00,13280.0,SL,-108.5,-1.028436018957346
506,228616,2021-05-18 10:39:00-04:00,S,13393.5,11.75,13381.75,VWAP+1s,level,228613,13393.0,13385.784322710253,4168.300351715144,228614,13384.0,13382.5,True,1D,1D,13346.5,13381.5,2021-05-18 10:48:00-04:00,13393.75,SL,-26.5,-1.127659574468085
526,237627,2021-06-15 09:57:00-04:00,S,14122.5,25.25,14097.25,VAL,level,237625,14122.0,14118.0,4246.0,237624,14109.0,14102.75,True,15m,15m,14021.5,14097.0,2021-06-15 11:57:00-04:00,14056.0,time,80.0,1.5841584158415842
543,245335,2021-07-08 10:36:00-04:00,S,14658.0,66.5,14591.5,VWAP,level,245322,14657.5,14634.37227016503,4300.6230752424335,245333,14628.25,14617.5,True,4H,4H,14392.0,14591.25,2021-07-08 11:39:00-04:00,14658.25,SL,-136.0,-1.0225563909774436
548,247635,2021-07-15 10:36:00-04:00,L,14785.0,46.75,14831.75,ONL,level,247613,14785.5,14864.0,4345.25,247633,14828.5,14824.5,True,4H,4H,14972.0,14832.0,2021-07-15 10:45:00-04:00,14784.75,SL,-96.5,-1.032085561497326
559,252689,2021-07-30 10:18:00-04:00,S,14980.25,33.75,14946.5,ONH,level,252678,14979.75,14936.75,4400.0,252684,14967.25,14952.75,True,1H,1H,14845.25,14946.25,2021-07-30 11:57:00-04:00,14935.0,time,20.5,0.3037037037037037
573,259133,2021-08-19 10:30:00-04:00,S,14886.75,38.75,14848.0,VWAP+2s,level,259129,14886.25,14871.014256008042,4403.750501527401,259130,14861.75,14857.25,True,4H,1H+4H,14731.75,14847.75,2021-08-19 10:54:00-04:00,14887.0,SL,-80.5,-1.038709677419355
579,261898,2021-08-27 10:45:00-04:00,L,15358.5,24.75,15383.25,VWAP+1s,level,261894,15359.0,15376.24773238592,4494.839102473094,261895,15384.0,15379.0,True,15m,15m,15457.5,15383.5,2021-08-27 11:57:00-04:00,15414.0,time,59.0,1.1919191919191918
581,262805,2021-08-31 10:06:00-04:00,L,15513.5,36.0,15549.5,ONL,level,262793,15514.0,15562.75,4516.0,262801,15545.0,15543.75,True,4H,1H+4H,15657.5,15549.75,2021-08-31 11:57:00-04:00,15580.75,time,60.0,0.8333333333333334
591,267335,2021-09-14 10:36:00-04:00,S,15449.0,36.25,15412.75,VAL,level,267324,15448.5,15428.0,4461.0,267330,15435.5,15429.75,True,15m,15m,15304.0,15412.5,2021-09-14 11:30:00-04:00,15449.25,SL,-75.5,-1.0413793103448277
596,269635,2021-09-21 10:36:00-04:00,S,15058.5,36.0,15022.5,VAL,level,269628,15058.0,15039.0,4367.0,269633,15033.5,15031.0,True,15m,15m,14914.5,15022.25,2021-09-21 11:12:00-04:00,15058.75,SL,-75.0,-1.0416666666666667
641,290323,2021-11-23 10:00:00-05:00,S,16419.25,50.0,16369.25,POC,level,290315,16418.75,16347.5,4679.5,290319,16391.0,16378.0,True,4H,1H+4H,16219.25,16369.0,2021-11-23 10:42:00-05:00,16219.5,TP,297.0,2.97
643,291241,2021-11-25 09:54:00-05:00,S,16417.25,10.0,16407.25,VWAP,level,291237,16416.75,16396.746342468017,4708.942270624907,291240,16409.75,16407.5,True,1H,1H,16377.25,16407.0,2021-11-25 10:27:00-05:00,16417.5,SL,-23.0,-1.15
645,292010,2021-11-29 10:06:00-05:00,S,16313.5,36.5,16277.0,ONH,level,291998,16313.0,16258.0,4649.5,292007,16288.0,16285.5,True,4H,4H,16167.5,16276.75,2021-11-29 10:12:00-05:00,16313.75,SL,-76.0,-1.0410958904109588
660,298909,2021-12-20 10:03:00-05:00,S,15659.0,57.0,15602.0,VAH,level,298906,15658.5,15642.0,4571.0,298907,15614.0,15603.75,True,4H,4H,15431.0,15601.75,2021-12-20 11:57:00-05:00,15571.25,time,59.0,0.5175438596491229
662,299831,2021-12-22 10:09:00-05:00,L,15933.25,54.25,15987.5,VWAP,level,299818,15933.75,15943.265337164992,4635.612353130738,299830,15986.75,15975.0,True,4H,4H,16150.25,15987.75,2021-12-22 11:57:00-05:00,16128.0,time,278.5,2.5668202764976957
683,309421,2022-01-21 10:39:00-05:00,S,14779.5,91.0,14688.5,VWAP,level,309402,14779.0,14719.81462061903,4455.43308748185,309420,14721.25,14703.0,True,4H,4H,14415.5,14688.25,2022-01-21 10:48:00-05:00,14779.75,SL,-185.0,-1.0164835164835164
685,310334,2022-01-25 10:18:00-05:00,S,14148.0,59.75,14088.25,VWAP-2s,level,310326,14147.5,14099.892549795251,4301.784729636459,310333,14102.75,14094.0,True,15m,15m,13909.0,14088.0,2022-01-25 10:24:00-05:00,14148.25,SL,-122.5,-1.0251046025104602
697,315857,2022-02-10 10:27:00-05:00,L,14881.5,67.75,14949.25,VWAP,level,315845,14882.0,14883.332991698548,4546.026397711754,315854,14942.0,14940.0,True,15m,15m,15152.5,14949.5,2022-02-10 11:21:00-05:00,14881.25,SL,-138.5,-1.022140221402214
700,317237,2022-02-15 10:27:00-05:00,L,14444.5,54.0,14498.5,POC,level,317221,14445.0,14504.5,4446.5,317232,14494.0,14492.5,True,4H,1H+4H,14660.5,14498.75,2022-02-15 11:57:00-05:00,14549.0,time,98.5,0.9120370370370371
701,317690,2022-02-16 10:06:00-05:00,L,14380.5,53.5,14434.0,ONL,level,317678,14381.0,14496.5,4440.0,317685,14426.0,14415.75,True,1H,1H,14594.5,14434.25,2022-02-16 11:57:00-05:00,14458.0,time,45.5,0.4252336448598131
707,320368,2022-02-24 10:00:00-05:00,S,13364.5,90.25,13274.25,VWAP+1s,level,320364,13364.0,13312.15442277669,4168.052221383119,320365,13303.75,13273.0,True,4H,4H,13003.5,13274.0,2022-02-24 10:12:00-05:00,13364.75,SL,-183.5,-1.0166204986149585
710,321742,2022-03-01 09:42:00-05:00,S,14254.0,62.75,14191.25,VWAP+1s,level,321740,14253.5,14232.713540508794,4374.243484422635,321740,14210.0,14203.0,True,15m,15m,14003.0,14191.0,2022-03-01 10:00:00-05:00,14254.25,SL,-128.5,-1.0239043824701195
717,324972,2022-03-10 10:12:00-05:00,L,13486.75,66.0,13552.75,ONL,level,324958,13487.25,13508.75,4220.0,324969,13553.5,13528.25,True,4H,1H+4H,13750.75,13553.0,2022-03-10 10:33:00-05:00,13486.5,SL,-135.0,-1.0227272727272727
719,325886,2022-03-14 09:54:00-04:00,S,13341.5,78.25,13263.25,VWAP,level,325882,13341.0,13324.342915961422,4213.9438835356805,325883,13293.25,13271.5,True,1H,1H,13028.5,13263.0,2022-03-14 10:06:00-04:00,13341.75,SL,-159.5,-1.0191693290734825
724,328193,2022-03-21 10:15:00-04:00,L,14250.0,24.5,14274.5,ONL,level,328186,14250.5,14307.5,4430.75,328192,14274.0,14273.0,True,4H,4H,14348.0,14274.75,2022-03-21 10:18:00-04:00,14249.75,SL,-52.0,-1.0612244897959184
727,329578,2022-03-24 10:30:00-04:00,L,14432.75,62.5,14495.25,PDL,level,329578,14433.25,14441.5,4444.75,329574,14491.25,14479.25,True,1H,1H,14682.75,14495.5,2022-03-24 11:57:00-04:00,14635.0,time,277.0,2.216
728,330034,2022-03-25 10:18:00-04:00,L,14694.0,37.0,14731.0,VWAP-2s,level,330028,14694.5,14702.6513136038,4505.831486330819,330033,14727.0,14721.25,True,4H,4H,14842.0,14731.25,2022-03-25 11:06:00-04:00,14693.75,SL,-77.0,-1.0405405405405406
753,341529,2022-05-02 10:03:00-04:00,S,12974.25,85.75,12888.5,VAH,level,341527,12973.75,12958.0,4153.0,341527,12923.5,12919.75,True,4H,4H,12631.25,12888.25,2022-05-02 10:24:00-04:00,12974.5,SL,-174.5,-1.0174927113702623
754,342006,2022-05-03 10:54:00-04:00,L,12967.5,56.5,13024.0,ONL,level,341980,12968.0,13002.5,4129.0,342003,13023.0,13008.5,True,1H,1H,13193.5,13024.25,2022-05-03 11:57:00-04:00,13105.5,time,160.5,1.420353982300885
755,342456,2022-05-04 10:24:00-04:00,L,12930.5,33.5,12964.0,PDL,level,342451,12931.0,12968.0,4129.0,342454,12958.0,12956.0,True,1H,1H,13064.5,12964.25,2022-05-04 10:33:00-04:00,12930.25,SL,-70.0,-1.044776119402985
758,343843,2022-05-09 10:45:00-04:00,L,12292.25,74.75,12367.0,VAL,level,343818,12292.75,12442.0,4044.0,343838,12366.0,12347.0,True,15m,15m,12591.25,12367.25,2022-05-09 11:00:00-04:00,12292.0,SL,-152.5,-1.020066889632107
766,347520,2022-05-19 10:36:00-04:00,S,12009.25,110.5,11898.75,ONH,level,347500,12008.75,11953.0,3933.25,347519,11933.0,11932.0,True,4H,1H+4H,11567.25,11898.5,2022-05-19 11:36:00-04:00,12009.5,SL,-224.0,-1.0135746606334841
773,350740,2022-05-30 10:36:00-04:00,S,12777.25,21.25,12756.0,VWAP-1s,level,350718,12776.75,12759.494474180541,4172.063679387195,350735,12761.0,12759.0,True,15m,15m,12692.25,12755.75,2022-05-30 10:45:00-04:00,12777.5,SL,-45.5,-1.0705882352941176
774,351103,2022-05-31 09:45:00-04:00,L,12519.75,55.25,12575.0,VWAP-2s,level,351099,12520.25,12589.913857250738,4115.796208874723,351102,12555.25,12552.5,True,1D,1D,12740.75,12575.25,2022-05-31 10:00:00-04:00,12519.5,SL,-113.5,-1.0271493212669682
775,351584,2022-06-01 10:48:00-04:00,S,12641.75,35.0,12606.75,VAL,level,351577,12641.25,12619.0,4137.0,351583,12617.25,12615.0,True,15m,15m,12501.75,12606.5,2022-06-01 10:54:00-04:00,12642.0,SL,-73.0,-1.042857142857143
779,353426,2022-06-07 10:54:00-04:00,S,12706.5,27.75,12678.75,ONH,level,353418,12706.0,12614.5,4124.0,353424,12690.75,12684.5,True,1H,1H,12595.5,12678.5,2022-06-07 11:27:00-04:00,12595.75,TP,163.5,2.945945945945946
781,354330,2022-06-09 10:06:00-04:00,S,12655.25,62.0,12593.25,VAH,level,354326,12654.75,12645.0,4124.0,354326,12618.25,12598.0,True,15m,15m,12407.25,12593.0,2022-06-09 10:30:00-04:00,12655.5,SL,-127.0,-1.0241935483870968
785,356167,2022-06-15 09:57:00-04:00,S,11549.25,38.5,11510.75,ONH,level,356158,11548.75,11516.5,3782.75,356162,11522.0,11511.0,True,1D,1D,11395.25,11510.5,2022-06-15 10:03:00-04:00,11549.5,SL,-80.0,-1.0389610389610389
802,363847,2022-07-08 10:57:00-04:00,L,12110.75,35.5,12146.25,VAH,level,363844,12111.25,12127.0,3901.0,363845,12141.75,12135.5,True,15m,15m,12252.75,12146.5,2022-07-08 11:57:00-04:00,12188.0,time,81.0,1.1408450704225352
808,366606,2022-07-18 10:54:00-04:00,L,12089.5,38.25,12127.75,VAL,level,366578,12090.0,12092.0,3888.0,366604,12118.5,12113.0,True,4H,1H+4H,12242.5,12128.0,2022-07-18 11:57:00-04:00,12179.75,time,101.5,1.326797385620915
809,367049,2022-07-19 10:03:00-04:00,S,12075.25,44.25,12031.0,VWAP+2s,level,367039,12074.75,12066.669721951066,3884.6510014823,367047,12036.5,12031.0,True,15m,15m,11898.25,12030.75,2022-07-19 10:24:00-04:00,12075.5,SL,-91.5,-1.0338983050847457
815,369815,2022-07-27 10:21:00-04:00,S,12435.0,20.25,12414.75,PDH,level,369800,12434.5,12334.0,3964.5,369814,12420.25,12418.0,True,1H,1H,12354.0,12414.5,2022-07-27 11:00:00-04:00,12435.25,SL,-43.5,-1.0740740740740742
827,375326,2022-08-12 09:54:00-04:00,S,13436.5,39.25,13397.25,VWAP+2s,level,375321,13436.0,13418.216834426483,4239.587743269898,375322,13413.5,13394.5,True,1H,15m+1H,13279.5,13397.0,2022-08-12 10:09:00-04:00,13436.75,SL,-81.5,-1.0382165605095541
838,380397,2022-08-29 10:27:00-04:00,S,12610.5,46.25,12564.25,ONH,level,380378,12610.0,12533.75,4040.75,380394,12583.75,12568.5,True,4H,4H,12425.5,12564.0,2022-08-29 11:57:00-04:00,12512.75,time,100.5,1.0864864864864865
840,381307,2022-08-31 09:57:00-04:00,S,12513.5,58.0,12455.5,ONH,level,381303,12513.0,12498.25,4018.25,381303,12462.5,12457.75,True,1H,1H,12281.5,12455.25,2022-08-31 11:57:00-04:00,12390.5,time,127.5,1.0991379310344827
843,382704,2022-09-05 10:48:00-04:00,S,12161.0,18.0,12143.0,ONH,level,382698,12160.5,12149.25,3942.25,382699,12149.0,12146.25,True,1H,1H,12089.0,12142.75,2022-09-05 11:03:00-04:00,12161.25,SL,-39.0,-1.0833333333333333
849,385364,2022-09-13 09:48:00-04:00,L,12321.0,43.5,12364.5,ONL,level,385359,12321.5,12347.25,4011.5,385360,12361.75,12351.5,True,1D,1D,12495.0,12364.75,2022-09-13 09:54:00-04:00,12320.75,SL,-90.0,-1.0344827586206897
853,387224,2022-09-19 10:48:00-04:00,S,11975.5,25.5,11950.0,PDH,level,387222,11975.0,11966.0,3905.0,387222,11955.25,11951.75,True,1D,1D+4H,11873.5,11949.75,2022-09-19 11:18:00-04:00,11975.75,SL,-54.0,-1.0588235294117647
871,395498,2022-10-13 10:30:00-04:00,L,10600.5,44.0,10644.5,VWAP,level,395494,10601.0,10672.34428499186,3546.102742711498,395497,10628.25,10620.25,True,15m,15m,10776.5,10644.75,2022-10-13 11:09:00-04:00,10776.25,TP,261.0,2.965909090909091
872,395957,2022-10-14 10:27:00-04:00,L,10859.5,60.75,10920.25,VAL,level,395943,10860.0,11068.0,3674.0,395955,10899.25,10898.25,True,1H,15m+1H,11102.5,10920.5,2022-10-14 10:42:00-04:00,10859.25,SL,-124.5,-1.0246913580246915
887,402850,2022-11-04 10:06:00-04:00,S,10868.75,57.25,10811.5,VAH,level,402847,10868.25,10841.0,3768.0,402848,10826.5,10823.5,True,15m,15m,10639.75,10811.25,2022-11-04 10:12:00-04:00,10869.0,SL,-117.5,-1.0262008733624455
893,405621,2022-11-14 10:39:00-05:00,L,11760.5,51.0,11811.5,VAL,level,405616,11761.0,11771.0,3983.0,405617,11793.75,11783.25,True,15m,15m,11964.5,11811.75,2022-11-14 11:09:00-05:00,11760.25,SL,-105.0,-1.0294117647058822
906,411441,2022-12-01 10:24:00-05:00,L,11955.5,36.25,11991.75,VWAP,level,411426,11956.0,12059.11506871331,4089.174784293701,411439,11991.25,11985.5,True,4H,1H+4H,12100.5,11992.0,2022-12-01 10:30:00-05:00,11955.25,SL,-75.5,-1.0413793103448277
909,412819,2022-12-06 10:18:00-05:00,L,11610.5,36.5,11647.0,ONL,level,412803,11611.0,11781.25,3994.75,412816,11643.0,11635.5,True,4H,1H+4H,11756.5,11647.25,2022-12-06 10:36:00-05:00,11610.25,SL,-76.0,-1.0410958904109588
911,413738,2022-12-08 10:15:00-05:00,S,11645.75,28.25,11617.5,ONH,level,413732,11645.25,11598.25,3965.75,413735,11623.5,11620.0,True,1D,1D+1H+4H,11532.75,11617.25,2022-12-08 10:24:00-05:00,11646.0,SL,-59.5,-1.0530973451327434
914,415113,2022-12-13 10:00:00-05:00,S,12179.25,72.75,12106.5,VWAP+1s,level,415107,12178.75,12129.800161881922,4106.681772758105,415108,12137.25,12120.0,True,15m,15m,11888.25,12106.25,2022-12-13 11:48:00-05:00,11888.5,TP,433.5,2.979381443298969
917,416509,2022-12-16 10:48:00-05:00,S,11364.0,34.25,11329.75,POC,level,416505,11363.5,11330.5,3885.5,416507,11344.5,11340.5,True,15m,15m,11227.0,11329.5,2022-12-16 11:57:00-05:00,11303.0,time,51.0,0.7445255474452555
936,425226,2023-01-16 09:39:00-05:00,S,11611.5,11.75,11599.75,VWAP+1s,level,425224,11611.0,11606.173932467846,4020.072456017589,425225,11604.5,11601.5,True,1H,1H,11564.5,11599.5,2023-01-16 11:57:00-05:00,11571.0,time,55.0,2.3404255319148937
943,428388,2023-01-25 10:45:00-05:00,L,11604.0,36.0,11640.0,VWAP-1s,level,428367,11604.5,11705.043965968927,3986.7845267450734,428385,11638.25,11627.5,True,1D,1D,11748.0,11640.25,2023-01-25 11:36:00-05:00,11747.75,TP,213.0,2.9583333333333335
946,429769,2023-01-30 10:48:00-05:00,L,11982.0,30.0,12012.0,VWAP-2s,level,429765,11982.5,12016.663160222757,4042.734918707913,429767,12004.0,11995.75,True,1D,1D,12102.0,12012.25,2023-01-30 11:57:00-05:00,12060.25,time,94.0,1.5666666666666667
956,434355,2023-02-13 10:06:00-05:00,S,12473.5,41.75,12431.75,VWAP+2s,level,434352,12473.0,12461.382902867614,4122.977821099572,434353,12457.75,12434.25,True,1D,1D,12306.5,12431.5,2023-02-13 10:48:00-05:00,12473.75,SL,-86.5,-1.035928143712575
977,443931,2023-03-14 09:54:00-04:00,S,12160.5,48.0,12112.5,PDH,level,443923,12160.0,12095.75,3938.75,443927,12120.0,12118.0,True,1H,1H,11968.5,12112.25,2023-03-14 10:21:00-04:00,12160.75,SL,-99.0,-1.03125
978,444397,2023-03-15 10:12:00-04:00,S,12275.0,66.5,12208.5,VAH,level,444384,12274.5,12264.0,3923.0,444395,12231.25,12226.25,True,4H,1H+4H,12009.0,12208.25,2023-03-15 11:39:00-04:00,12275.25,SL,-136.0,-1.0225563909774436
994,451764,2023-04-06 10:33:00-04:00,L,13015.75,27.75,13043.5,VAL,level,451759,13016.25,13019.0,4108.0,451760,13035.75,13026.25,True,15m,15m,13126.75,13043.75,2023-04-06 10:42:00-04:00,13015.5,SL,-58.5,-1.054054054054054
999,453917,2023-04-13 10:57:00-04:00,S,13139.25,30.0,13109.25,ONH,level,453888,13138.75,13039.75,4137.75,453915,13118.5,13116.75,True,15m,15m,13019.25,13109.0,2023-04-13 11:03:00-04:00,13139.5,SL,-63.0,-1.05
1000,454377,2023-04-14 10:57:00-04:00,L,13114.75,28.0,13142.75,POC,level,454360,13115.25,13196.5,4170.5,454376,13139.25,13133.25,True,15m,15m,13226.75,13143.0,2023-04-14 11:36:00-04:00,13114.5,SL,-59.0,-1.0535714285714286
1002,455294,2023-04-18 10:48:00-04:00,S,13194.75,30.0,13164.75,VWAP-1s,level,455293,13194.25,13191.142844179773,4174.984199532684,455292,13178.75,13177.25,True,15m,15m,13074.75,13164.5,2023-04-18 11:12:00-04:00,13195.0,SL,-63.0,-1.05
1013,460339,2023-05-03 10:03:00-04:00,S,13242.5,25.75,13216.75,VAH,level,460333,13242.0,13223.0,4147.0,460336,13228.0,13215.5,True,4H,4H,13139.5,13216.5,2023-05-03 11:57:00-04:00,13214.5,time,2.0,0.038834951456310676
1016,461731,2023-05-08 10:39:00-04:00,L,13254.0,24.5,13278.5,VWAP-1s,level,461719,13254.5,13280.469753683064,4147.15507483409,461730,13271.25,13269.0,True,4H,4H,13352.0,13278.75,2023-05-08 11:57:00-04:00,13320.75,time,82.0,1.6734693877551021
1025,465850,2023-05-19 09:36:00-04:00,L,13888.25,20.5,13908.75,VAL,level,465848,13888.75,13894.0,4216.0,465847,13907.25,13902.75,True,4H,4H,13970.25,13909.0,2023-05-19 09:48:00-04:00,13888.0,SL,-44.0,-1.0731707317073171
1028,467249,2023-05-24 10:33:00-04:00,L,13585.5,20.5,13606.0,VWAP-2s,level,467228,13586.0,13627.679102183933,4133.087679678773,467247,13606.75,13600.0,True,1D,1D,13667.5,13606.25,2023-05-24 10:39:00-04:00,13585.25,SL,-44.0,-1.0731707317073171
1033,469477,2023-05-31 10:57:00-04:00,S,14334.5,24.5,14310.0,VAL,level,469474,14334.0,14323.0,4195.0,469475,14319.25,14308.75,True,1D,1D,14236.5,14309.75,2023-05-31 11:57:00-04:00,14292.0,time,33.5,0.6836734693877551
1039,472224,2023-06-08 10:18:00-04:00,S,14419.0,19.0,14400.0,VWAP+2s,level,472211,14418.5,14384.303754115334,4279.12384302555,472223,14402.75,14401.75,True,4H,4H,14343.0,14399.75,2023-06-08 10:24:00-04:00,14419.25,SL,-41.0,-1.0789473684210527
1050,477214,2023-06-23 10:48:00-04:00,S,15088.25,30.75,15057.5,VWAP-1s,level,477188,15087.75,15071.120067567086,4391.7440481266785,477212,15065.75,15064.5,True,1H,1H,14965.25,15057.25,2023-06-23 11:57:00-04:00,15056.75,time,-1.0,-0.016260162601626018
1052,478124,2023-06-27 10:18:00-04:00,L,14887.75,30.0,14917.75,VAH,level,478111,14888.25,14934.0,4383.0,478122,14915.25,14914.0,True,15m,15m,15007.75,14918.0,2023-06-27 11:51:00-04:00,15007.5,TP,177.0,2.95
1059,481173,2023-07-06 09:30:00-04:00,S,15214.5,27.75,15186.75,VWAP-1s,level,481173,15214.0,15211.61532098722,4448.580450074363,481170,15193.25,15188.25,True,15m,15m,15103.5,15186.5,2023-07-06 11:57:00-04:00,15159.5,time,52.0,0.9369369369369369
1061,482112,2023-07-10 10:27:00-04:00,S,15215.0,40.5,15174.5,VWAP+2s,level,482093,15214.5,15201.623486667067,4440.921612932947,482111,15188.75,15185.0,True,1H,1H,15053.0,15174.25,2023-07-10 11:57:00-04:00,15116.25,time,114.0,1.4074074074074074
1074,488095,2023-07-27 10:36:00-04:00,L,15764.75,36.0,15800.75,POC,level,488073,15765.25,15831.5,4621.5,488093,15791.25,15782.5,True,4H,4H,15908.75,15801.0,2023-07-27 10:57:00-04:00,15764.5,SL,-75.0,-1.0416666666666667
1087,494080,2023-08-15 10:51:00-04:00,S,15161.75,18.25,15143.5,VAL,level,494070,15161.25,15152.0,4471.0,494079,15147.25,15144.0,True,15m,15m,15088.75,15143.25,2023-08-15 11:03:00-04:00,15162.0,SL,-39.5,-1.082191780821918
1091,495898,2023-08-21 09:45:00-04:00,S,14889.25,26.5,14862.75,VWAP+2s,level,495895,14888.75,14871.244476636086,4409.29258539019,495896,14870.25,14863.75,True,4H,4H,14783.25,14862.5,2023-08-21 09:54:00-04:00,14889.5,SL,-56.0,-1.0566037735849056
1096,498202,2023-08-28 09:57:00-04:00,L,15003.75,48.25,15052.0,VAH,level,498200,15004.25,15032.0,4428.0,498200,15047.75,15044.0,True,15m,15m,15196.75,15052.25,2023-08-28 10:51:00-04:00,15003.5,SL,-99.5,-1.0310880829015545
1106,502736,2023-09-11 10:39:00-04:00,L,15338.25,34.75,15373.0,POC,level,502716,15338.75,15381.5,4478.5,502734,15369.75,15360.0,True,1H,1H,15477.25,15373.25,2023-09-11 11:57:00-04:00,15368.75,time,-11.0,-0.15827338129496402
1107,503183,2023-09-12 10:00:00-04:00,S,15461.75,21.0,15440.75,VWAP+1s,level,503182,15461.25,15455.829890599858,4483.202266324083,503182,15449.25,15441.75,True,15m,15m,15377.75,15440.5,2023-09-12 10:30:00-04:00,15378.0,TP,123.0,2.9285714285714284
1111,505021,2023-09-18 09:54:00-04:00,S,15435.5,35.5,15400.0,ONH,level,505015,15435.0,15428.5,4507.5,505020,15411.75,15403.25,True,4H,4H,15293.5,15399.75,2023-09-18 10:12:00-04:00,15435.75,SL,-74.0,-1.0422535211267605
1137,517000,2023-10-24 10:51:00-04:00,S,14878.25,37.75,14840.5,PDH,level,516995,14877.75,14854.25,4280.75,516999,14864.0,14856.25,True,4H,4H,14727.25,14840.25,2023-10-24 11:57:00-04:00,14821.5,time,35.5,0.47019867549668876
1172,532935,2023-12-12 10:21:00-05:00,S,16278.5,21.75,16256.75,VAH,level,532934,16278.0,16276.0,4632.0,532934,16266.25,16260.0,True,15m,15m,16191.5,16256.5,2023-12-12 10:24:00-05:00,16278.75,SL,-46.5,-1.0689655172413792
1174,533864,2023-12-14 10:48:00-05:00,L,16766.0,29.75,16795.75,VWAP-2s,level,533860,16766.5,16770.496789902165,4768.372507734294,533861,16787.5,16783.75,True,4H,15m+1H+4H,16885.0,16796.0,2023-12-14 11:12:00-05:00,16765.75,SL,-62.5,-1.050420168067227
1189,540767,2024-01-08 10:57:00-05:00,S,16671.75,13.5,16658.25,PDH,level,540742,16671.25,16577.0,4760.25,540765,16660.5,16659.25,True,4H,4H,16617.75,16658.0,2024-01-08 11:06:00-05:00,16672.0,SL,-30.0,-1.1111111111111112
1190,541217,2024-01-09 10:27:00-05:00,S,16747.25,19.5,16727.75,VWAP+1s,level,541213,16746.75,16743.183900906988,4786.782097760857,541214,16736.0,16733.0,True,1D,1D+4H,16669.25,16727.5,2024-01-09 10:39:00-05:00,16747.5,SL,-42.0,-1.0769230769230769
1203,547107,2024-01-26 09:57:00-05:00,L,17514.75,34.25,17549.0,POC,level,547098,17515.25,17544.5,4914.5,547106,17538.5,17532.0,True,1H,1H,17651.75,17549.25,2024-01-26 10:03:00-05:00,17514.5,SL,-71.5,-1.0437956204379562
1204,547571,2024-01-29 10:09:00-05:00,L,17524.25,28.75,17553.0,VAL,level,547569,17524.75,17528.0,4912.0,547569,17551.5,17547.25,True,15m,15m,17639.25,17553.25,2024-01-29 11:00:00-05:00,17524.0,SL,-60.5,-1.0521739130434782
1215,552629,2024-02-13 10:03:00-05:00,S,17684.5,32.0,17652.5,VAL,level,552626,17684.0,17677.0,4980.0,552627,17667.0,17659.75,True,1H,1H,17556.5,17652.25,2024-02-13 10:18:00-05:00,17684.75,SL,-67.0,-1.046875
1226,557610,2024-02-28 10:06:00-05:00,L,17875.75,35.75,17911.5,VWAP-2s,level,557605,17876.25,17880.394450458978,5063.376943982411,557605,17904.5,17894.25,True,1D,1D,18018.75,17911.75,2024-02-28 11:57:00-05:00,17963.0,time,100.5,1.4055944055944056
1251,569117,2024-04-04 10:27:00-04:00,L,18486.25,23.0,18509.25,VWAP,level,569115,18486.75,18493.66798894272,5293.664823332942,569116,18507.5,18501.75,True,1H,15m+1H,18578.25,18509.5,2024-04-04 11:12:00-04:00,18486.0,SL,-49.0,-1.065217391304348
1255,570948,2024-04-10 10:00:00-04:00,S,18208.75,49.5,18159.25,VWAP,level,570946,18208.25,18200.9413690652,5210.700856071888,570946,18171.0,18162.0,True,1H,15m+1H,18010.75,18159.0,2024-04-10 10:33:00-04:00,18209.0,SL,-102.0,-1.0303030303030303
1256,571427,2024-04-11 10:57:00-04:00,S,18265.0,27.75,18237.25,VAH,level,571418,18264.5,18226.0,5217.0,571424,18247.0,18244.5,True,4H,1H+4H,18154.0,18237.0,2024-04-11 11:03:00-04:00,18265.25,SL,-58.5,-1.054054054054054
1268,576927,2024-04-29 09:57:00-04:00,L,17828.25,38.75,17867.0,ONL,level,576922,17828.75,17852.5,5134.5,576926,17855.5,17854.25,True,4H,4H,17983.25,17867.25,2024-04-29 11:57:00-04:00,17888.0,time,39.5,0.5096774193548387
1271,578306,2024-05-02 09:54:00-04:00,L,17482.5,40.25,17522.75,ONL,level,578305,17483.0,17484.0,5056.25,578305,17519.0,17515.0,True,NDOG,NDOG,17643.5,17523.0,2024-05-02 10:00:00-04:00,17482.25,SL,-83.5,-1.0372670807453417
1278,581538,2024-05-13 10:30:00-04:00,S,18312.25,24.0,18288.25,VWAP+1s,level,581536,18311.75,18310.80272800756,5257.829198119104,581537,18302.0,18299.75,True,15m,15m,18216.25,18288.0,2024-05-13 11:57:00-04:00,18294.0,time,-14.0,-0.2916666666666667
1282,583374,2024-05-17 10:18:00-04:00,L,18620.0,23.0,18643.0,VWAP-2s,level,583367,18620.5,18628.57812280616,5316.120422489373,583371,18643.75,18637.25,True,1D,1D+4H,18712.0,18643.25,2024-05-17 11:57:00-04:00,18653.75,time,19.0,0.41304347826086957
1289,586508,2024-05-28 10:00:00-04:00,L,18838.25,31.75,18870.0,ONL,level,586502,18838.75,18885.0,5323.25,586504,18869.5,18862.0,True,1H,1H,18965.25,18870.25,2024-05-28 11:57:00-04:00,18922.5,time,102.5,1.6141732283464567
1297,590184,2024-06-07 09:48:00-04:00,L,18991.75,48.5,19040.25,VWAP-1s,level,590179,18992.25,18993.326977616372,5340.324786435377,590179,19025.75,19024.75,True,1D,1D+4H,19185.75,19040.5,2024-06-07 11:57:00-04:00,19083.25,time,83.5,0.8608247422680413
1298,590652,2024-06-10 10:12:00-04:00,S,19024.0,22.0,19002.0,VWAP,level,590639,19023.5,19015.59813296717,5349.045516343273,590651,19009.75,19004.0,True,1D,1D+4H,18936.0,19001.75,2024-06-10 10:21:00-04:00,19024.25,SL,-47.0,-1.0681818181818181
1306,594255,2024-06-20 10:21:00-04:00,L,20117.75,39.5,20157.25,VWAP-1s,level,594245,20118.25,20238.133614448172,5568.030839929338,594254,20152.25,20148.0,True,4H,1H+4H,20275.75,20157.5,2024-06-20 11:57:00-04:00,20163.0,time,9.0,0.11392405063291139
1308,595179,2024-06-24 10:33:00-04:00,L,19881.75,54.75,19936.5,VWAP,level,595173,19882.25,19952.433638086204,5538.482072486921,595178,19935.5,19933.25,True,4H,4H,20100.75,19936.75,2024-06-24 10:42:00-04:00,19881.5,SL,-112.5,-1.0273972602739727
1311,596554,2024-06-27 10:18:00-04:00,S,20117.0,40.0,20077.0,VWAP+1s,level,596547,20116.5,20055.588311951473,5547.814860263724,596553,20086.0,20081.5,True,4H,4H,19957.0,20076.75,2024-06-27 11:33:00-04:00,19957.25,TP,237.0,2.9625
1321,600992,2024-07-11 09:57:00-04:00,L,20821.75,47.75,20869.5,VWAP-2s,level,600990,20822.25,20839.265961226396,5675.900591037046,600991,20855.75,20854.25,True,4H,15m+1H+4H,21012.75,20869.75,2024-07-11 10:09:00-04:00,20821.5,SL,-98.5,-1.031413612565445
1333,606515,2024-07-29 10:06:00-04:00,S,19377.75,56.0,19321.75,ONH,level,606508,19377.25,19362.0,5534.5,606513,19352.0,19343.75,True,4H,4H,19153.75,19321.5,2024-07-29 11:15:00-04:00,19154.0,TP,333.0,2.9732142857142856
1335,607447,2024-07-31 10:42:00-04:00,S,19494.5,44.5,19450.0,VWAP+1s,level,607428,19494.0,19344.882652065793,5543.793080501056,607444,19458.5,19454.5,True,1D,1D,19316.5,19449.75,2024-07-31 11:30:00-04:00,19494.75,SL,-92.0,-1.0337078651685394
1341,610190,2024-08-08 09:51:00-04:00,L,18064.25,77.5,18141.75,VWAP+1s,level,610187,18064.75,18131.478747332425,5270.681147083874,610189,18130.25,18111.25,True,15m,15m,18374.25,18142.0,2024-08-08 10:27:00-04:00,18374.0,TP,462.0,2.9806451612903224
1349,613889,2024-08-20 10:48:00-04:00,L,19742.5,55.0,19797.5,VWAP-2s,level,613877,19743.0,19828.37253784888,5625.286365994264,613886,19796.25,19788.0,True,1H,1H,19962.5,19797.75,2024-08-20 11:57:00-04:00,19852.75,time,108.0,0.9818181818181818
1352,615264,2024-08-23 10:33:00-04:00,S,19903.75,67.75,19836.0,VAH,level,615244,19903.25,19731.0,5630.0,615261,19857.5,19836.75,True,4H,4H,19632.75,19835.75,2024-08-23 10:51:00-04:00,19633.0,TP,403.5,2.977859778597786
1361,619316,2024-09-05 10:09:00-04:00,S,19123.25,76.25,19047.0,PDH,level,619315,19122.75,19115.0,5565.0,619314,19070.5,19062.0,True,1D,1D+4H,18818.25,19046.75,2024-09-05 10:24:00-04:00,19123.5,SL,-155.5,-1.019672131147541
1370,623471,2024-09-18 10:54:00-04:00,S,19725.5,36.0,19689.5,VWAP+1s,level,623467,19725.0,19722.644737221053,5706.583135861978,623467,19706.5,19695.5,True,1H,15m+1H,19581.5,19689.25,2024-09-18 11:57:00-04:00,19597.5,time,181.5,2.5208333333333335
1388,631740,2024-10-14 10:21:00-04:00,L,20591.5,32.5,20624.0,VWAP+1s,level,631737,20592.0,20623.58937157726,5892.086135381562,631739,20622.0,20619.75,True,15m,15m,20721.5,20624.25,2024-10-14 10:51:00-04:00,20591.25,SL,-68.0,-1.0461538461538462
1398,636332,2024-10-28 09:57:00-04:00,L,20527.5,28.75,20556.25,VAL,level,636323,20528.0,20613.0,5871.0,636330,20557.5,20548.0,True,1H,1H,20642.5,20556.5,2024-10-28 11:42:00-04:00,20527.25,SL,-60.5,-1.0521739130434782
1403,638645,2024-11-04 10:36:00-05:00,S,20204.75,32.75,20172.0,VAH,level,638641,20204.25,20200.0,5772.0,638641,20178.5,20173.5,True,4H,4H,20073.75,20171.75,2024-11-04 10:48:00-05:00,20205.0,SL,-68.5,-1.0458015267175573
1411,642322,2024-11-14 10:27:00-05:00,L,21039.75,59.25,21099.0,PDL,level,642319,21040.25,21057.5,5991.75,642320,21087.25,21074.75,True,1D,1D+4H,21276.75,21099.25,2024-11-14 11:57:00-05:00,21101.0,time,1.5,0.012658227848101266
1418,645542,2024-11-25 10:27:00-05:00,L,20869.0,61.25,20930.25,ONL,level,645533,20869.5,20908.0,6005.5,645537,20924.75,20909.25,True,15m,15m,21114.0,20930.5,2024-11-25 11:57:00-05:00,20904.75,time,-53.5,-0.43673469387755104
1428,649976,2024-12-09 09:54:00-05:00,S,21649.5,25.0,21624.5,VWAP,level,649973,21649.0,21634.160731381922,6095.903594319814,649974,21632.0,21629.0,True,1H,1H,21549.5,21624.25,2024-12-09 10:27:00-05:00,21549.75,TP,147.0,2.94
1435,653191,2024-12-18 09:39:00-05:00,L,21912.75,39.0,21951.75,VWAP-2s,level,653189,21913.25,21925.76627033444,6109.518663735522,653190,21944.5,21943.25,True,4H,4H,22068.75,21952.0,2024-12-18 11:57:00-05:00,22007.5,time,109.0,1.3974358974358974
1436,653672,2024-12-19 10:42:00-05:00,L,21467.25,76.75,21544.0,VWAP-1s,level,653667,21467.75,21506.656551462744,5959.031323265446,653668,21537.0,21521.5,True,1H,15m+1H,21774.25,21544.25,2024-12-19 11:09:00-05:00,21467.0,SL,-156.5,-1.019543973941368
1437,654115,2024-12-20 09:51:00-05:00,L,21159.75,88.5,21248.25,VWAP,level,654108,21160.25,21190.44870812499,5900.2298817332,654114,21247.5,21240.5,True,15m,15m,21513.75,21248.5,2024-12-20 10:30:00-05:00,21513.5,TP,528.0,2.983050847457627
1438,654572,2024-12-23 09:42:00-05:00,S,21676.0,60.25,21615.75,POC,level,654569,21675.5,21666.5,6021.5,654569,21633.0,21623.25,True,1H,1H,21435.0,21615.5,2024-12-23 11:42:00-05:00,21676.25,SL,-123.5,-1.0248962655601659
1441,655890,2024-12-27 10:21:00-05:00,L,21512.25,65.0,21577.25,VWAP-2s,level,655877,21512.75,21715.594344011988,6034.179442004584,655889,21552.5,21538.5,True,4H,4H,21772.25,21577.5,2024-12-27 10:33:00-05:00,21512.0,SL,-133.0,-1.023076923076923
1448,659105,2025-01-08 10:06:00-05:00,S,21406.5,54.75,21351.75,VWAP+1s,level,659103,21406.0,21391.790024030015,5958.624755564472,659104,21370.5,21354.0,True,15m,15m,21187.5,21351.5,2025-01-08 11:39:00-05:00,21406.75,SL,-112.5,-1.0273972602739727
1461,664860,2025-01-27 10:21:00-05:00,L,21227.0,73.5,21300.5,VWAP,level,664846,21227.5,21255.793955227815,6021.293976909008,664859,21278.5,21270.0,True,15m,15m,21521.0,21300.75,2025-01-27 11:21:00-05:00,21226.75,SL,-150.0,-1.0204081632653061
1462,665324,2025-01-28 10:33:00-05:00,S,21481.75,57.0,21424.75,ONH,level,665320,21481.25,21423.25,6073.0,665322,21453.75,21436.25,True,4H,4H,21253.75,21424.5,2025-01-28 11:57:00-05:00,21473.25,time,-99.5,-0.8728070175438597
1464,666223,2025-01-30 09:30:00-05:00,L,21629.0,26.5,21655.5,VWAP,level,666223,21629.5,21633.5587017662,6085.228307799785,666218,21652.0,21650.25,True,1D,1D,21735.0,21655.75,2025-01-30 09:33:00-05:00,21628.75,SL,-56.0,-1.0566037735849056
1470,669000,2025-02-07 10:21:00-05:00,L,21684.5,82.5,21767.0,PDL,level,668997,21685.0,21706.0,6070.0,668998,21737.75,21732.5,True,4H,4H,22014.5,21767.25,2025-02-07 10:51:00-05:00,21684.25,SL,-168.0,-1.018181818181818
1473,670373,2025-02-12 10:00:00-05:00,S,21701.5,67.75,21633.75,VWAP,level,670368,21701.0,21670.528660208543,6049.590561234874,670368,21651.5,21634.5,True,1H,15m+1H,21430.5,21633.5,2025-02-12 10:21:00-05:00,21701.75,SL,-138.5,-1.022140221402214
1485,675826,2025-02-28 10:39:00-05:00,S,20778.25,92.75,20685.5,ONH,level,675817,20777.75,20687.75,5900.5,675822,20714.5,20692.75,True,4H,15m+4H,20407.25,20685.25,2025-02-28 11:57:00-05:00,20696.75,time,-25.0,-0.1347708894878706
1489,677661,2025-03-06 10:24:00-05:00,S,20484.0,78.25,20405.75,VWAP-1s,level,677647,20483.5,20297.16006380585,5766.838000312114,677660,20449.75,20437.25,True,4H,4H,20171.0,20405.5,2025-03-06 10:39:00-05:00,20484.25,SL,-159.5,-1.0191693290734825
1498,681786,2025-03-19 09:39:00-04:00,S,19578.5,35.5,19543.0,VWAP+1s,level,681785,19578.0,19573.947801978506,5692.627851924659,681783,19575.0,19560.25,True,4H,15m+1H+4H,19436.5,19542.75,2025-03-19 09:45:00-04:00,19578.75,SL,-74.0,-1.0422535211267605
1502,683635,2025-03-25 10:06:00-04:00,L,20362.0,50.5,20412.5,VAH,level,683623,20362.5,20391.0,5825.0,683634,20407.0,20405.5,True,1H,1H,20564.0,20412.75,2025-03-25 11:57:00-04:00,20442.25,time,57.0,0.5643564356435643
1504,684569,2025-03-27 10:48:00-04:00,S,20172.5,38.25,20134.25,VAH,level,684562,20172.0,20121.0,5767.0,684566,20139.75,20138.5,True,4H,4H,20019.5,20134.0,2025-03-27 10:51:00-04:00,20172.75,SL,-79.5,-1.0392156862745099
1508,686395,2025-04-02 10:06:00-04:00,S,19621.0,70.0,19551.0,POC,level,686390,19620.5,19579.5,5667.5,686394,19592.0,19559.5,True,1D,15m+1D,19341.0,19550.75,2025-04-02 10:30:00-04:00,19621.25,SL,-143.0,-1.0214285714285714
1525,694214,2025-04-28 10:03:00-04:00,L,19432.5,72.5,19505.0,VWAP-1s,level,694213,19433.0,19449.13903472798,5533.956376900568,694213,19507.0,19479.0,True,15m,15m,19722.5,19505.25,2025-04-28 11:06:00-04:00,19432.25,SL,-148.0,-1.0206896551724138
1527,695133,2025-04-30 10:00:00-04:00,L,19101.75,72.25,19174.0,PDL,level,695103,19102.25,19379.25,5521.5,695132,19155.25,19133.5,True,1H,1H,19390.75,19174.25,2025-04-30 11:09:00-04:00,19390.5,TP,430.5,2.9792387543252596
1528,695591,2025-05-01 09:54:00-04:00,S,19998.5,65.75,19932.75,VAH,level,695590,19998.0,19996.0,5655.0,695589,19957.5,19941.75,True,15m,15m,19735.5,19932.5,2025-05-01 10:27:00-04:00,19998.75,SL,-134.5,-1.0228136882129277
1531,696974,2025-05-06 10:03:00-04:00,L,19737.75,62.25,19800.0,VWAP-1s,level,696964,19738.25,19829.028290404676,5620.068108837719,696971,19784.25,19782.75,True,1D,1D+4H,19986.75,19800.25,2025-05-06 11:57:00-04:00,19896.25,time,190.0,1.5261044176706828
1545,703409,2025-05-26 09:48:00-04:00,S,21308.25,18.75,21289.5,ONH,level,703404,21307.75,21290.0,5895.0,703405,21293.0,21289.5,True,1H,1H,21233.25,21289.25,2025-05-26 10:33:00-04:00,21233.5,TP,109.5,2.92
1565,712456,2025-06-23 10:09:00-04:00,S,21995.5,34.75,21960.75,VWAP+2s,level,712453,21995.0,21954.08408016138,6048.922853506904,712455,21974.25,21959.25,True,1H,1H,21856.5,21960.5,2025-06-23 10:18:00-04:00,21995.75,SL,-72.5,-1.0431654676258992
1582,720136,2025-07-16 10:54:00-04:00,S,23035.5,24.75,23010.75,VAH,level,720135,23035.0,23032.0,6301.0,720135,23018.75,23015.5,True,15m,15m,22936.5,23010.5,2025-07-16 11:12:00-04:00,23035.75,SL,-52.5,-1.0606060606060606
1599,727944,2025-08-08 10:18:00-04:00,L,23615.75,44.25,23660.0,VWAP+2s,level,727935,23616.25,23619.432448716434,6394.827296854601,727943,23651.75,23650.25,True,15m,15m,23792.75,23660.25,2025-08-08 11:39:00-04:00,23615.5,SL,-91.5,-1.0338983050847457
1605,730707,2025-08-18 10:27:00-04:00,S,23825.0,49.25,23775.75,VWAP,level,730688,23824.5,23805.32849612709,6468.577490322561,730706,23798.5,23784.75,True,4H,15m+1H+4H,23628.0,23775.5,2025-08-18 11:57:00-04:00,23747.25,time,54.5,0.5532994923857868
1611,733470,2025-08-26 10:36:00-04:00,S,23549.5,20.75,23528.75,ONH,level,733461,23549.0,23520.5,6463.75,733466,23532.25,23530.0,True,1H,1H,23466.5,23528.5,2025-08-26 10:45:00-04:00,23549.75,SL,-44.5,-1.072289156626506
1635,744424,2025-09-29 10:18:00-04:00,S,24975.5,48.75,24926.75,VWAP+2s,level,744413,24975.0,24940.31593187333,6737.798762536994,744421,24949.5,24935.25,True,4H,4H,24780.5,24926.5,2025-09-29 11:57:00-04:00,24849.25,time,152.5,1.564102564102564
1645,749030,2025-10-13 10:36:00-04:00,L,24787.5,84.25,24871.75,VAH,level,749018,24788.0,24875.0,6685.0,749025,24870.5,24858.25,True,4H,1H+4H,25124.5,24872.0,2025-10-13 10:48:00-04:00,24787.25,SL,-171.5,-1.0178041543026706
1662,756838,2025-11-05 10:00:00-05:00,S,25695.5,35.75,25659.75,VWAP+2s,level,756835,25695.0,25636.730781182687,6818.0889899159765,756837,25666.75,25661.0,True,1H,1H,25552.5,25659.5,2025-11-05 10:06:00-05:00,25695.75,SL,-74.5,-1.0419580419580419
1675,762821,2025-11-24 10:09:00-05:00,S,24770.0,86.5,24683.5,VWAP+1s,level,762815,24769.5,24603.52305328526,6671.59109710685,762819,24723.25,24684.5,True,4H,1H+4H,24424.0,24683.25,2025-11-24 10:33:00-05:00,24770.25,SL,-176.0,-1.0173410404624277
1678,764214,2025-11-27 10:48:00-05:00,L,25286.5,14.75,25301.25,ONL,level,764191,25287.0,25288.0,6824.25,764209,25300.5,25296.75,True,15m,15m,25345.5,25301.5,2025-11-27 11:03:00-05:00,25286.25,SL,-32.5,-1.1016949152542372
1695,771662,2025-12-22 10:42:00-05:00,L,25629.0,48.25,25677.25,ONL,level,771660,25629.5,25631.5,6900.5,771660,25665.5,25662.75,True,4H,15m+1H+4H+NDOG,25822.0,25677.5,2025-12-22 11:57:00-05:00,25714.5,time,72.0,0.7461139896373057
1696,772113,2025-12-23 10:15:00-05:00,L,25626.75,52.0,25678.75,VAL,level,772108,25627.25,25662.0,6919.0,772109,25670.0,25650.75,True,1D,1D,25834.75,25679.0,2025-12-23 11:57:00-05:00,25773.0,time,186.0,1.7884615384615385
1711,778952,2026-01-15 10:57:00-05:00,L,25803.0,81.0,25884.0,VWAP+1s,level,778924,25803.5,25870.63154321615,7003.130783187228,778948,25890.25,25859.0,True,4H,4H,26127.0,25884.25,2026-01-15 11:57:00-05:00,25924.25,time,78.0,0.48148148148148145
1716,781150,2026-01-22 09:51:00-05:00,L,25553.75,64.25,25618.0,VAL,level,781149,25554.25,25573.0,6932.0,781149,25612.25,25605.0,True,15m,15m,25810.75,25618.25,2026-01-22 10:00:00-05:00,25553.5,SL,-131.5,-1.0233463035019454
1746,794891,2026-03-05 10:54:00-05:00,S,25097.5,45.25,25052.25,VWAP-2s,level,794884,25097.0,24965.097244413082,6827.554217413365,794890,25069.75,25066.75,True,15m,15m,24916.5,25052.0,2026-03-05 11:57:00-05:00,25043.0,time,16.0,0.17679558011049723
1747,795348,2026-03-06 10:45:00-05:00,S,24893.25,75.25,24818.0,VWAP-1s,level,795327,24892.75,24709.266590977022,6742.121542375408,795344,24830.5,24825.75,True,1H,1H,24592.25,24817.75,2026-03-06 11:03:00-05:00,24893.5,SL,-153.5,-1.0199335548172757
1774,807600,2026-04-14 10:06:00-04:00,L,25710.0,36.5,25746.5,VWAP+1s,level,807597,25710.5,25718.964222784387,6953.2131452330495,807597,25741.75,25740.5,True,15m,15m,25856.0,25746.75,2026-04-14 11:36:00-04:00,25855.75,TP,216.0,2.958904109589041
1776,808527,2026-04-16 10:27:00-04:00,L,26275.25,76.75,26352.0,VAL,level,808508,26275.75,26401.0,7065.0,808524,26350.25,26346.25,True,1H,1H,26582.25,26352.25,2026-04-16 11:57:00-04:00,26533.75,time,361.0,2.3517915309446256
1784,812217,2026-04-28 10:57:00-04:00,L,27010.0,81.5,27091.5,ONL,level,812214,27010.5,27036.0,7147.5,812215,27062.25,27058.0,True,4H,4H,27336.0,27091.75,2026-04-28 11:48:00-04:00,27009.75,SL,-166.0,-1.01840490797546
1785,812671,2026-04-29 10:39:00-04:00,S,27316.25,34.75,27281.5,VWAP+2s,level,812670,27315.75,27307.799968433847,7184.731642409598,812670,27291.75,27283.0,True,4H,4H,27177.25,27281.25,2026-04-29 11:57:00-04:00,27240.25,time,80.0,1.1510791366906474
1794,816802,2026-05-12 10:12:00-04:00,L,29087.5,103.5,29191.0,VWAP-1s,level,816788,29088.0,29180.705742747487,7406.857559474032,816797,29183.0,29165.5,True,1D,1D,29501.5,29191.25,2026-05-12 10:27:00-04:00,29087.25,SL,-210.0,-1.0144927536231885
1795,817260,2026-05-13 10:06:00-04:00,S,29226.25,98.25,29128.0,VWAP-1s,level,817255,29225.75,29156.87031453915,7412.841989655582,817256,29157.0,29151.5,True,15m,15m,28833.25,29127.75,2026-05-13 10:21:00-04:00,29226.5,SL,-199.5,-1.015267175572519
1802,820487,2026-05-22 10:27:00-04:00,L,29489.75,74.5,29564.25,VAL,level,820480,29490.25,29522.0,7477.0,820485,29556.25,29553.5,True,15m,15m,29787.75,29564.5,2026-05-22 11:57:00-04:00,29687.0,time,243.0,1.6308724832214765
1805,821789,2026-05-27 10:33:00-04:00,L,29875.5,82.0,29957.5,ONL,level,821771,29876.0,30027.0,7529.25,821787,29962.0,29925.75,True,4H,4H,30203.5,29957.75,2026-05-27 11:57:00-04:00,29934.75,time,-48.0,-0.2926829268292683
1814,825915,2026-06-09 09:51:00-04:00,S,29847.5,74.5,29773.0,PDH,level,825899,29847.0,29743.0,7476.75,825914,29805.25,29769.5,True,1D,1D,29549.5,29772.75,2026-06-09 10:09:00-04:00,29549.75,TP,444.0,2.9798657718120807
1820,828680,2026-06-17 10:06:00-04:00,L,30319.25,89.0,30408.25,VWAP-2s,level,828677,30319.75,30346.640970521727,7576.624422675848,828678,30410.25,30386.0,True,4H,15m+1H+4H,30675.25,30408.5,2026-06-17 10:45:00-04:00,30319.0,SL,-181.0,-1.0168539325842696
1844,839571,2026-07-21 10:39:00-04:00,S,29236.0,60.25,29175.75,VWAP+1s,level,839549,29235.5,29176.240921157485,7526.071329660484,839568,29202.75,29186.0,True,1D,1D,28995.0,29175.5,2026-07-21 10:45:00-04:00,29236.25,SL,-123.5,-1.0248962655601659
1851,842792,2026-07-30 10:42:00-04:00,S,28246.25,71.0,28175.25,PDH,level,842778,28245.75,28177.25,7501.0,842788,28188.5,28178.75,True,1H,1H,27962.25,28175.0,2026-07-30 11:57:00-04:00,28078.75,time,190.5,1.341549295774648
1856,845089,2026-08-06 10:33:00-04:00,L,29563.0,84.5,29647.5,VWAP+1s,level,845081,29563.5,29571.9417462346,7762.113994093353,845087,29634.25,29611.5,True,15m,15m,29901.0,29647.75,2026-08-06 10:39:00-04:00,29562.75,SL,-172.0,-1.017751479289941
1867,850149,2026-08-21 10:33:00-04:00,S,29362.0,89.75,29272.25,POC,level,850131,29361.5,29356.5,7695.5,850147,29276.25,29274.75,True,15m,15m,29003.0,29272.0,2026-08-21 11:03:00-04:00,29362.25,SL,-182.5,-1.0167130919220055
1879,855584,2026-09-08 10:18:00-04:00,L,29424.0,74.5,29498.5,ONL,level,855572,29424.5,29478.5,7687.5,855579,29496.5,29492.0,True,1D,1D,29722.0,29498.75,2026-09-08 11:57:00-04:00,29604.0,time,208.5,1.3993288590604027
1883,857432,2026-09-14 10:42:00-04:00,L,28955.25,36.5,28991.75,POC,level,857415,28955.75,29016.5,7608.5,857431,28983.25,28974.5,True,15m,15m,29101.25,28992.0,2026-09-14 11:30:00-04:00,29101.0,TP,216.0,2.958904109589041
1891,861097,2026-09-24 09:57:00-04:00,L,30530.75,49.0,30579.75,VWAP,level,861091,30531.25,30584.75674173162,7737.914259264301,861096,30565.0,30563.5,True,1D,1D,30726.75,30580.0,2026-09-24 11:06:00-04:00,30530.5,SL,-101.0,-1.030612244897959
1892,861571,2026-09-25 10:39:00-04:00,S,30824.25,73.0,30751.25,VAL,level,861560,30823.75,30785.0,7773.0,861570,30765.5,30763.5,True,15m,15m,30532.25,30751.0,2026-09-25 10:57:00-04:00,30824.5,SL,-149.0,-1.0205479452054795
1893,862023,2026-09-28 10:15:00-04:00,L,30506.25,63.25,30569.5,VWAP-2s,level,862022,30506.75,30508.84968422919,7757.621710505248,862022,30565.0,30542.25,True,1D,1D,30759.25,30569.75,2026-09-28 10:36:00-04:00,30506.0,SL,-129.5,-1.023715415019763
